Key,English,Vietnamese,Brazil,Turkish,German,France,Indonesian,Spanish,Russian,Korean,Japanese,Hindi,Ukrainian,Italian,Giải thích
Tutorial,Tutorial,Hướng dẫn,Tutorial,Eğitici,Tutorial,Tutoriel,Tutorial,Tutorial,Обучение,튜토리얼,チュートリアル,ट्यूटोरियल,Навчання,Tutorial,
battle_pass,Battle Pass,Battle Pass,Passe de Batalha,Savaş Bileti,Battle Pass,Passe de combat,Battle Pass,Pase de batalla,Боевой пропуск,배틀 패스,バトルパス,बैटल पास,Бойова перепустка,Pass battaglia,
battle_pass_active_premium,Activate,Kích Hoạt,,,,,,,,,,,,,
battle_pass_coming_soon,New Seasion is Coming Soon...,Mùa mới sẽ có trong thời gian sắp tới...,A Nova Temporada está chegando...,Yeni Sezon Yakında Geliyor...,Neue Saison beginnt bald...,La nouvelle saison arrive bientôt...,Musim Baru Segera Hadir...,La nueva temporada llegará pronto...,Новый сезон скоро...,새로운 시즌이 곧 시작됩니다...,新シーズンがまもなく登場...,नया सीजन जल्द ही आ रहा है...,Новий сезон незабаром...,La nuova stagione arriverà presto...,
battle_pass_inactive_premium,Premium Pass,Vé Cao Cấp,Passe Premium,Premium Geçiş,Premium-Pass,Pass Premium,Pass Premium,Pase Premium,Премиум-пропуск,프리미엄 패스,プレミアムパス,प्रीमियम पास,Преміум-перепустка,Pass Premium,
battle_pass_premium_preb_des,"Start each Level with {0} <sprite name=""card""> Bonus Card  ","Thêm {0} thẻ <sprite name=""card""> khi bắt đầu mỗi trận đấu","Comece cada nível com uma Carta Bônus {0} <sprite name=""card"">","Her Seviyeye bir {0} <sprite name=""card""> Bonus Kartı ile başlayın","Starte jedes Level mit einer {0} <sprite name=""card""> Bonuskarte","Commencez chaque niveau avec une carte bonus {0} <sprite name=""card"">","Mulai setiap Level dengan Kartu Bonus {0} <sprite name=""card"">","Comienza cada nivel con una carta de bonificación {0} <sprite name=""card"">","Начинайте каждый уровень с бонусной картой {0} <sprite name=""card"">","각 레벨을 {0} <sprite name=""card""> 보너스 카드로 시작하세요","各レベルを{0} <sprite name=""card"">ボーナスカードで開始します","प्रत्येक स्तर को {0} <sprite name=""card""> बोनस कार्ड के साथ शुरू करें","Починайте кожен рівень з бонусною картою {0} <sprite name=""card"">","Inizia ogni livello con una carta bonus {0} <sprite name=""card"">",
battle_pass_premium_preb_des_2,Total extra rewards in season pass,Tổng phần thưởng nhận thêm trong mùa giải,Total de recompensas extras no passe de temporada,Sezon biletindeki toplam ekstra ödüller,Gesamte Zusatzbelohnungen im Season Pass,Total des récompenses supplémentaires du pass de saison,Total hadiah tambahan di pass musim,Total de recompensas adicionales en el pase de temporada,Всего дополнительных наград в сезонном пропуске,시즌 패스 총 추가 보상,シーズンパスの追加報酬合計,सीजन पास में कुल अतिरिक्त पुरस्कार,Усього додаткових нагород у сезонній перепустці,Totale premi extra nel pass stagionale,
battle_pass_time_remain,Time Remaining,Thời Gian Còn Lại,Tempo Restante,Kalan Süre,Verbleibende Zeit,Temps restant,Sisa Waktu,Tiempo restante,Оставшееся время,남은 시간,残り時間,शेष समय,Залишилося часу,Tempo rimanente,
breaking,BREAK TIME,NGHỈ GIẢI LAO,HORA DA PAUSA,MOLA ZAMANI,PAUSENZEIT,TEMPS DE PAUSE,WAKTU ISTIRAHAT,TIEMPO DE DESCANSO,ВРЕМЯ ПЕРЕРЫВА,휴식 시간,休憩時間,विश्राम का समय,ЧАС ПЕРЕРВИ,ORA DELLA PAUSA,
btn_no,No,Không,Não,Hayır,Nein,Non,Tidak,No,Нет,아니요,いいえ,नहीं,Ні,No,
btn_save,Save,Lưu,Salvar,Kaydet,Speichern,Sauvegarder,Simpan,Guardar,Сохранить,저장,保存,सहेजें,Зберегти,Salva,
btn_yes,Yes,Có,Sim,Evet,Ja,Oui,Ya,Sí,Да,예,はい,हाँ,Так,Sì,
bundle_description,This offer is only available for the <color=#F2F14C>{0}</color>,Ưu đãi này chỉ dành cho <color=#F2F14C>{0}</color>,Esta oferta está disponível apenas para a <color=#F2F14C>{0}</color>,Bu teklif sadece <color=#F2F14C>{0}</color> için geçerlidir,Dieses Angebot ist nur für die <color=#F2F14C>{0}</color> verfügbar,Cette offre est uniquement disponible pour l' <color=#F2F14C>{0}</color>,Penawaran ini hanya tersedia untuk <color=#F2F14C>{0}</color>,Esta oferta solo está disponible para la <color=#F2F14C>{0}</color>,Это предложение доступно только для <color=#F2F14C>{0}</color>,이 혜택은 <color=#F2F14C>{0}</color>에서만 이용 가능합니다,このオファーは<color=#F2F14C>{0}</color>限定です,यह ऑफर केवल <color=#F2F14C>{0}</color> के लिए उपलब्ध है,Ця пропозиція доступна лише для <color=#F2F14C>{0}</color>,Questa offerta è disponibile solo per l' <color=#F2F14C>{0}</color>,
bundle_name_1,Paleolithic Era Offer,Gói Kỷ Đồ Đá,Oferta da Era Paleolítica,Paleolitik Çağ Teklifi,Altsteinzeit-Angebot,Offre de l'ère paléolithique,Penawaran Era Paleolitikum,Oferta de la Era Paleolítica,Предложение эпохи палеолита,구석기 시대 제안,旧石器時代のオファー,पुरापाषाण युग का ऑफ़र,Пропозиція палеоліту,Offerta Era Paleolitica,
bundle_name_10,Galactic Era Offer,Gói Thời Đại Vũ Trụ,Oferta da Era Galáctica,Galaktik Çağ Teklifi,Angebot der galaktischen Ära,Offre de l'ère galactique,Penawaran Era Galaksi,Oferta de la Era Galáctica,Предложение галактической эры,은하 시대 혜택,銀河時代のオファー,गैलेक्टिक युग प्रस्ताव,Пропозиція Галактичної ери,Offerta Era Galattica,
bundle_name_11,Viking Era Offer,Gói Thời Đại Viking,Oferta da Era Viking,Viking Çağı Teklifi,Angebot aus der Wikingerzeit,Offre de l'ère viking,Penawaran Era Viking,Oferta de la Era Vikinga,Предложение эпохи викингов,바이킹 시대 혜택,ヴァイキング時代のオファー,वाइकिंग युग का प्रस्ताव,Пропозиція епохи вікінгів,Offerta dell'era vichinga,
bundle_name_12,Dynasty Era Offer,Gói Thời Đại Tam Quốc,Oferta da Era das Dinastias,Hanedanlık Devri Teklifi,Dynastie-Ära-Angebot,Offre de l'Ère des Dynasties,Penawaran Era Dinasti,Oferta de la Era de la Dinastía,Предложение Эпохи Династий,왕조 시대 오퍼,王朝時代のオファー,राजवंश युग प्रस्ताव,Пропозиція епохи династій,Offerta Era delle Dinastie,
bundle_name_13,Pirate Era Offer,Gói Thời Đại Cướp Biển,Oferta da Era Pirata,Korsan Çağı Teklifi,Angebot der Piraten-Ära,Offre de l'ère des pirates,Penawaran Era Bajak Laut,Oferta de la era pirata,Предложение Эпохи Пиратов,해적 시대 혜택,海賊時代のオファー,समुद्री डाकू युग प्रस्ताव,Пропозиція Епохи Піратів,Offerta Era dei Pirati,
bundle_name_14,Sorcerer Era Offer,Gói Thời Đại Pháp Thuật,Oferta Era dos Feiticeiros,Büyücü Çağı Teklifi,Zauberer-Ära-Angebot,Offre de l'ère des sorciers,Penawaran Era Penyihir,Oferta de la Era de los Hechiceros,Предложение «Эпоха магов»,마법사 시대 상품,魔術師の時代オファー,जादूगर युग प्रस्ताव,Пропозиція «Епоха магів»,Offerta Era degli Stregoni,
bundle_name_15,Techno Era Offer,Gói Thời Đại Công Nghệ,Oferta da Era Techno,Techno Çağı Teklifi,Angebot der Techno-Ära,Offre de l'ère Techno,Penawaran Era Tekno,Oferta de la Era Techno,Предложение Эры Техно,테크노 시대 오퍼,テクノ時代のオファー,टेक्नो युग ऑफर,Пропозиція ери техно,Offerta dell'era Techno,
bundle_name_16,Hunter Era Offer,Gói Thời Đại Thợ Săn,Oferta Hunter Era,Hunter Era Teklifi,Hunter Era Angebot,Offre Hunter Era,Penawaran Hunter Era,Oferta de Hunter Era,Предложение Hunter Era,헌터 에라 혜택,ハンターエラオファー,हंटर एरा ऑफर,Пропозиція Hunter Era,Offerta Hunter Era,
bundle_name_17,Farmer Era Offer,Gói Thời Đại Nông Dân,Oferta Era do Fazendeiro,Çiftçi Devri Teklifi,Angebot der Farmer-Ära,Offre de l'Ère des Fermiers,Penawaran Era Petani,Oferta de la Era del Granjero,Предложение «Эра фермеров»,농부의 시대 제안,農夫の時代オファー,किसान युग प्रस्ताव,Пропозиція «Ера фермерів»,Offerta Era dei Contadini,
bundle_name_18,Underground Era Offer,Gói Thời Đại Thế Giới Ngầm,Oferta da Era Subterrânea,Yeraltı Çağı Teklifi,Angebot der Untergrund-Ära,Offre de l'ère souterraine,Penawaran Era Bawah Tanah,Oferta de la era subterránea,Предложение Эпохи Подземелья,지하 시대 혜택,アンダーグラウンド時代のオファー,भूमिगत युग का प्रस्ताव,Пропозиція епохи підземелля,Offerta Era Sotterranea,
bundle_name_19,Mechanical Era Offer,Gói Thời Đại Cơ Khí,Oferta da Era Mecânica,Mekanik Çağ Teklifi,Angebot der mechanischen Ära,Offre de l'ère mécanique,Penawaran Era Mekanik,Oferta de la Era Mecánica,Предложение Механической эры,기계 시대 혜택,メカニカル・エラ・オファー,मैकेनिकल एरा ऑफर,Пропозиція Механічної ери,Offerta Era Meccanica,
bundle_name_2,Middle Era Offer,Gói Kỷ Trung Cổ,Oferta da Era Média,Orta Çağ Teklifi,Mittel-Ära-Angebot,Offre de l'ère intermédiaire,Penawaran Era Madya,Oferta de la Era Media,Предложение средней эры,중기 시대 제안,中期時代のオファー,मध्य युग का ऑफ़र,Пропозиція середньої ери,Offerta Era Media,
bundle_name_20,VR/AR Era Offer,Gói Thời Đại Thực Tế Ảo,Oferta da Era VR/AR,VR/AR Çağı Teklifi,Angebot der VR/AR-Ära,Offre de l'ère VR/AR,Penawaran Era VR/AR,Oferta de la era VR/AR,Предложение эпохи VR/AR,VR/AR 시대 특가,VR/AR時代オファー,VR/AR युग का ऑफर,Пропозиція епохи VR/AR,Offerta dell'era VR/AR,
bundle_name_21,Babylon Era Offer,Gói Thời Đại Babylon,Oferta da Era da Babilônia,Babil Çağı Teklifi,Babylon-Ära-Angebot,Offre de l'ère de Babylone,Penawaran Era Babilonia,Oferta de la Era de Babilonia,Предложение эпохи Вавилона,바빌론 시대 혜택,バビロン時代のオファー,बेबीलोन युग का ऑफर,Пропозиція епохи Вавилону,Offerta dell'era di Babilonia,
bundle_name_3,Industrial Era Offer,Gói Kỷ Công Nghiệp,Oferta da Era Industrial,Sanayi Çağı Teklifi,Angebot des Industriezeitalters,Offre de l'Ère Industrielle,Penawaran Era Industri,Oferta de la Era Industrial,Предложение индустриальной эры,산업 시대 혜택,産業時代のオファー,औद्योगिक युग का ऑफर,Пропозиція індустріальної ери,Offerta dell'era industriale,
bundle_name_4,Modern Era Offer,Gói Kỷ Hiện Đại,Oferta da Era Moderna,Modern Çağ Teklifi,Angebot der Moderne,Offre de l'Ère Moderne,Penawaran Era Modern,Oferta de la Era Moderna,Предложение современной эры,현대 시대 혜택,現代のオファー,आधुनिक युग का ऑफर,Пропозиція сучасної ери,Offerta dell'era moderna,
bundle_name_5,Cyber Era Offer,Gói Kỷ Tương Lai,Oferta da Era Cyber,Siber Çağ Teklifi,Angebot der Cyber-Ära,Offre de l'Ère Cyber,Penawaran Era Siber,Oferta de la Era Cíber,Предложение кибер-эры,사이버 시대 혜택,サイバー時代のオファー,साइबर युग का ऑफर,Пропозиція кіберери,Offerta dell'era Cyber,
bundle_name_6,Nile Era Offer,Gói Thời Đại Ai Cập,Oferta da Era do Nilo,Nil Çağı Teklifi,Nil-Ära-Angebot,Offre de l'ère du Nil,Penawaran Era Nil,Oferta de la Era del Nilo,Предложение Эры Нила,나일 시대 혜택,ナイル時代オファー,नील युग प्रस्ताव,Пропозиція ери Нілу,Offerta Era del Nilo,
bundle_name_7,Legion Era Offer,Gói Thời Đại La Mã,Oferta da Era da Legião,Lejyon Çağı Teklifi,Angebot der Legion-Ära,Offre de l'Ère de la Légion,Penawaran Era Legiun,Oferta de la Era de la Legión,Предложение Эпохи Легиона,군단 시대 혜택,レギオン・エラ・オファー,लीजन एरा ऑफर,Пропозиція Епохи Легіону,Offerta Era della Legione,
bundle_name_8,Shogun Era Offer,Gói Thời Đại Mạc Phủ,Oferta da Era Shogun,Şogun Devri Teklifi,Shogun-Ära Angebot,Offre de l'ère Shogun,Penawaran Era Shogun,Oferta de la Era Shogun,Предложение эпохи сёгунов,쇼군 시대 제안,将軍時代オファー,शोगुन युग का प्रस्ताव,Пропозиція епохи Сьогунів,Offerta dell'era Shogun,
bundle_name_9,Diesel Era Offer,Gói Thời Đại Thế Chiến,Oferta da Era Diesel,Dizel Çağı Teklifi,Diesel-Ära-Angebot,Offre de l'ère Diesel,Penawaran Era Diesel,Oferta de la Era Diésel,Предложение «Эпоха дизеля»,디젤 시대 특가,ディーゼル時代のオファー,डीजल युग का ऑफ़र,Пропозиція «Епоха дизеля»,Offerta dell'era diesel,
claim,Claim,Nhận,Reivindicar,Talep Et,Beanspruchen,Réclamer,Klaim,Reclamar,Забрать,획득,獲得,दावा करें,Забрати,Riscatta,
com.horus.human.era.bundle.energypack,ENERGY BUNDLE,GÓI NĂNG LƯỢNG,Pacote de Energia,Enerji Paketi,Energiepaket,Pack d'énergie,Bundel Energi,Paquete de energía,Набор энергии,에너지 번들,エネルギーバンドル,ऊर्जा बंडल,Набір енергії,Pacchetto energia,
com.horus.human.era.bundle.hero1,Samurai pack,Gói Samurai,Pacote Samurai,Samuray paketi,Samurai-Paket,Pack Samouraï,Paket Samurai,Paquete Samurái,Набор самурая,사무라이 팩,サムライパック,समुराई पैक,Набір самурая,Pacchetto Samurai,
com.horus.human.era.bundle.hero2,Mad Scientist Pack,Gói Bác Học Điên,Pacote Cientista Louco,Çılgın Bilim İnsanı Paketi,Verrückter-Wissenschaftler-Paket,Pack Scientifique Fou,Paket Ilmuwan Gila,Paquete de Científico Loco,Набор «Безумный ученый»,매드 사이언티스트 팩,マッドサイエンティストパック,मैड साइंटिस्ट पैक,Набір «Божевільний вчений»,Pacchetto Scienziato Pazzo,
com.horus.human.era.bundle.hero3,Punch Pack,Gói Punch,Pacote de Soco,Yumruk Paketi,Punch-Paket,Pack de coups,Paket Pukulan,Pack de puñetazos,Набор «Удар»,펀치 팩,パンチパック,पंच पैक,Набір «Удар»,Pacchetto pugno,
com.horus.human.era.bundle.starterpack,STARTER BUNDLE,GÓI KHỞI ĐẦU,PACOTE INICIAL,BAŞLANGIÇ PAKETİ,STARTER-PAKET,PACK DE DÉMARRAGE,BUNDEL PEMULA,PAQUETE DE INICIO,НАБОР НОВИЧКА,스타터 번들,スターターバンドル,स्टार्टर बंडल,ПОЧАТКОВИЙ НАБІР,PACCHETTO INIZIALE,
com.horus.human.era.energy.jar,ENERGY JAR,HŨ NĂNG LƯỢNG,Pote de Energia,Enerji Kavanozu,Energieglas,Jarre d'énergie,Toples Energi,Tarro de energía,Банка энергии,에너지 병,エナジージャー,ऊर्जा जार,Банка енергії,Giara d'energia,
com.horus.human.era.energy.jar.des1,Spend <color=red> {0} more energy </color> to complete your Energy Jar! Fill it up to unlock the mega deal!,Dùng thêm <color=red> {0} năng lượng </color> để làm đầy Hũ Năng Lượng! Mở khóa ưu đãi khi đầy hũ!,Gaste mais <color=red> {0} de energia </color> para completar seu Pote de Energia! Encha-o para desbloquear a megaoferta!,Enerji Kavanozunu tamamlamak için <color=red> {0} enerji daha </color> harca! Büyük fırsatı açmak için kavanozu doldur!,"Gib <color=red> {0} weitere Energie </color> aus, um dein Energie-Glas zu füllen! Mach es voll, um das Mega-Angebot freizuschalten!",Dépensez <color=red> {0} d'énergie supplémentaire </color> pour remplir votre Jarre d'Énergie ! Remplissez-la pour débloquer la méga offre !,Gunakan <color=red> {0} energi lagi </color> untuk mengisi Stoples Energimu! Isi sampai penuh untuk membuka penawaran mega!,¡Gasta <color=red> {0} de energía más </color> para completar tu Frasco de energía! ¡Llénalo para desbloquear la megaoferta!,"Потратьте еще <color=red> {0} энергии </color>, чтобы заполнить свою банку энергии! Наполните ее, чтобы разблокировать мегапредложение!",에너지 병을 완성하려면 <color=red> {0} 에너지를 더 </color> 사용하세요! 가득 채워서 메가 딜을 잠금 해제하세요!,エネルギーの瓶を完成させるには、あと <color=red> {0} エネルギー </color> 消費してください！満タンにしてメガセールをアンロックしましょう！,अपने एनर्जी जार को पूरा करने के लिए <color=red> {0} और ऊर्जा </color> खर्च करें! मेगा डील अनलॉक करने के लिए इसे भरें!,"Витратьте ще <color=red> {0} енергії </color>, щоб заповнити свою Банку енергії! Наповніть її, щоб розблокувати мегаугоду!",Spendi altri <color=red> {0} di energia </color> per completare il tuo Barattolo di Energia! Riempilo per sbloccare la mega offerta!,
com.horus.human.era.energy.jar.des2,Awesome! The Jar is full. Get <color=red> 50 Energies </color> now at a super price!,Tuyệt vời! Hũ đã đầy. Sở hữu ngay <color=red> 50 Năng Lượng </color> với giá siêu ưu đãi!,Incrível! O frasco está cheio. Obtenha <color=red> 50 Energias </color> agora por um super preço!,Harika! Kavanoz doldu. Şimdi süper bir fiyata <color=red> 50 Enerji </color> al!,Großartig! Das Glas ist voll. Hol dir jetzt <color=red> 50 Energien </color> zum Superpreis!,Génial ! Le bocal est plein. Obtenez <color=red> 50 Énergies </color> maintenant à un super prix !,Luar biasa! Stoplesnya sudah penuh. Dapatkan <color=red> 50 Energi </color> sekarang dengan harga super!,¡Increíble! El frasco está lleno. ¡Consigue <color=red> 50 Energías </color> ahora a un superprecio!,Здорово! Банка полна. Получите <color=red> 50 энергии </color> прямо сейчас по суперцене!,멋져요! 병이 가득 찼습니다. 지금 <color=red> 50 에너지 </color>를 파격적인 가격으로 받으세요!,すごい！ジャーがいっぱいです。今すぐ超特価で <color=red> 50 エネルギー </color> を手に入れよう！,शानदार! जार भर गया है। अभी शानदार कीमत पर <color=red> 50 ऊर्जा </color> प्राप्त करें!,Чудово! Банка повна. Отримайте <color=red> 50 енергії </color> зараз за суперціною!,Fantastico! Il barattolo è pieno. Ottieni <color=red> 50 Energie </color> ora a un super prezzo!,
com.horus.age.evolution.energy1,10 ENERGY,10 NĂNG LƯỢNG,10 ENERGIA,10 ENERJİ,10 ENERGIE,10 ÉNERGIE,10 ENERGI,10 ENERGÍA,10 ЭНЕРГИИ,10 에너지,10 エネルギー,10 ऊर्जा,10 ЕНЕРГІЇ,10 ENERGIA,
com.horus.age.evolution.energy2,40 ENERGY,40 NĂNG LƯỢNG,40 ENERGIA,40 ENERJİ,40 ENERGIE,40 ÉNERGIE,40 ENERGI,40 ENERGÍA,40 ЭНЕРГИИ,40 에너지,40 エネルギー,40 ऊर्जा,40 ЕНЕРГІЇ,40 ENERGIA,
com.horus.age.evolution.energy3,125 ENERGY,125 NĂNG LƯỢNG,125 ENERGIA,125 ENERJİ,125 ENERGIE,125 ÉNERGIE,125 ENERGI,125 ENERGÍA,125 ЭНЕРГИИ,125 에너지,125 エネルギー,125 ऊर्जा,125 ЕНЕРГІЇ,125 ENERGIA,
com.horus.human.era.gem1,1000 GEM,1000 NGỌC,1000 GEMAS,1000 ELMAS,1000 EDELSTEINE,1000 GEMMES,1000 PERMATA,1000 GEMAS,1000 КРИСТАЛЛОВ,1000 보석,1000 ジェム,1000 रत्न,1000 КРИСТАЛІВ,1000 GEMME,
com.horus.human.era.gem2,3500 GEM,3500 NGỌC,3500 GEMAS,3500 ELMAS,3500 EDELSTEINE,3500 GEMMES,3500 PERMATA,3500 GEMAS,3500 КРИСТАЛЛОВ,3500 보석,3500 ジェム,3500 रत्न,3500 КРИСТАЛІВ,3500 GEMME,
com.horus.human.era.gem3,12.000 GEM,12.000 NGỌC,12.000 GEMAS,12.000 ELMAS,12.000 EDELSTEINE,12.000 GEMMES,12.000 PERMATA,12.000 GEMAS,12 000 КРИСТАЛЛОВ,"12,000 보석","12,000 ジェム","12,000 रत्न",12 000 КРИСТАЛІВ,12.000 GEMME,
com.horus.age.evolution.offer.t1a2,TIMELINE 1 - AGE 2 OFFER,ƯU ĐÃI DÒNG THỜI GIAN 1 - KỶ NGUYÊN 2,OFERTA LINHA DO TEMPO 1 - ERA 2,ZAMAN ÇİZELGESİ 1 - ÇAĞ 2 TEKLİFİ,ZEITSTRAHL 1 - ZEITALTER 2 ANGEBOT,OFFRE LIGNE TEMPORELLE 1 - ÂGE 2,PENAWARAN GARIS WAKTU 1 - ZAMAN 2,OFERTA LÍNEA DE TIEMPO 1 - EDAD 2,ПРЕДЛОЖЕНИЕ: ВРЕМЕННАЯ ШКАЛА 1 — ЭПОХА 2,타임라인 1 - 시대 2 오퍼,タイムライン1 - 時代2 オファー,समय रेखा 1 - युग 2 ऑफ़र,ПРОПОЗИЦІЯ: ЧАСОВА ШКАЛА 1 — ЕПОХА 2,OFFERTA LINEA TEMPORALE 1 - ETÀ 2,
com.horus.age.evolution.offer.t1a3,TIMELINE 1 - AGE 3 OFFER,ƯU ĐÃI DÒNG THỜI GIAN 1 - KỶ NGUYÊN 3,LINHA DO TEMPO 1 - OFERTA DA IDADE 3,ZAMAN ÇİZELGESİ 1 - ÇAĞ 3 TEKLİFİ,ZEITLINIE 1 - ZEITALTER 3 ANGEBOT,LIGNE DU TEMPS 1 - OFFRE ÂGE 3,LINI MASA 1 - PENAWARAN ZAMAN 3,LÍNEA DE TIEMPO 1 - OFERTA DE EDAD 3,ВРЕМЕННАЯ ШКАЛА 1 - ПРЕДЛОЖЕНИЕ ЭПОХИ 3,타임라인 1 - 시대 3 혜택,タイムライン 1 - 時代 3 オファー,समय रेखा 1 - आयु 3 ऑफ़र,ЧАСОВА ШКАЛА 1 - ПРОПОЗИЦІЯ ЕПОХИ 3,LINEA TEMPORALE 1 - OFFERTA ETÀ 3,
com.horus.age.evolution.offer.t1a4,TIMELINE 1 - AGE 4 OFFER,ƯU ĐÃI DÒNG THỜI GIAN 1 - KỶ NGUYÊN 4,LINHA DO TEMPO 1 - OFERTA DA IDADE 4,ZAMAN ÇİZELGESİ 1 - ÇAĞ 4 TEKLİFİ,ZEITLINIE 1 - ZEITALTER 4 ANGEBOT,LIGNE DU TEMPS 1 - OFFRE ÂGE 4,LINI MASA 1 - PENAWARAN ZAMAN 4,LÍNEA DE TIEMPO 1 - OFERTA DE EDAD 4,ВРЕМЕННАЯ ШКАЛА 1 - ПРЕДЛОЖЕНИЕ ЭПОХИ 4,타임라인 1 - 시대 4 혜택,タイムライン 1 - 時代 4 オファー,समय रेखा 1 - आयु 4 ऑफ़र,ЧАСОВА ШКАЛА 1 - ПРОПОЗИЦІЯ ЕПОХИ 4,LINEA TEMPORALE 1 - OFFERTA ETÀ 4,
com.horus.age.evolution.offer.t1a5,TIMELINE 1 - AGE 5 OFFER,ƯU ĐÃI DÒNG THỜI GIAN 1 - KỶ NGUYÊN 5,LINHA DO TEMPO 1 - OFERTA DA IDADE 5,ZAMAN ÇİZELGESİ 1 - ÇAĞ 5 TEKLİFİ,ZEITLINIE 1 - ZEITALTER 5 ANGEBOT,LIGNE DU TEMPS 1 - OFFRE ÂGE 5,LINI MASA 1 - PENAWARAN ZAMAN 5,LÍNEA DE TIEMPO 1 - OFERTA DE EDAD 5,ВРЕМЕННАЯ ШКАЛА 1 - ПРЕДЛОЖЕНИЕ ЭПОХИ 5,타임라인 1 - 시대 5 혜택,タイムライン 1 - 時代 5 オファー,समय रेखा 1 - आयु 5 ऑफ़र,ЧАСОВА ШКАЛА 1 - ПРОПОЗИЦІЯ ЕПОХИ 5,LINEA TEMPORALE 1 - OFFERTA ETÀ 5,
com.horus.age.evolution.offer.t2a1,TIMELINE 2 - AGE 1 OFFER,ƯU ĐÃI DÒNG THỜI GIAN 2 - KỶ NGUYÊN 1,LINHA DO TEMPO 2 - OFERTA DA ERA 1,ZAMAN ÇİZELGESİ 2 - ÇAĞ 1 TEKLİFİ,ZEITLEISTE 2 - ZEITALTER 1 ANGEBOT,CHRONOLOGIE 2 - OFFRE ÂGE 1,LINI MASA 2 - PENAWARAN ZAMAN 1,LÍNEA DE TIEMPO 2 - OFERTA DE EDAD 1,ХРОНОЛОГИЯ 2 - ПРЕДЛОЖЕНИЕ ЭПОХИ 1,타임라인 2 - 시대 1 제안,タイムライン 2 - 時代 1 オファー,टाइमलाइन 2 - आयु 1 ऑफ़र,ХРОНОЛОГІЯ 2 - ПРОПОЗИЦІЯ ЕПОХИ 1,TIMELINE 2 - OFFERTA ETÀ 1,
com.horus.age.evolution.offer.t2a2,TIMELINE 2 - AGE 2 OFFER,ƯU ĐÃI DÒNG THỜI GIAN 2 - KỶ NGUYÊN 2,LINHA DO TEMPO 2 - OFERTA DA ERA 2,ZAMAN ÇİZELGESİ 2 - 2. ÇAĞ TEKLİFİ,ZEITLINIE 2 - ZEITALTER 2 ANGEBOT,CHRONOLOGIE 2 - OFFRE ÂGE 2,LINIMASA 2 - PENAWARAN ZAMAN 2,LÍNEA DE TIEMPO 2 - OFERTA DE ERA 2,ВРЕМЕННАЯ ШКАЛА 2 - ПРЕДЛОЖЕНИЕ ЭРЫ 2,타임라인 2 - 시대 2 제안,タイムライン 2 - 時代 2 オファー,टाइमलाइन 2 - युग 2 ऑफ़र,ЧАСОВА ШКАЛА 2 - ПРОПОЗИЦІЯ ЕРИ 2,LINEA TEMPORALE 2 - OFFERTA ETÀ 2,
com.horus.age.evolution.offer.t2a3,TIMELINE 2 - AGE 3 OFFER,ƯU ĐÃI DÒNG THỜI GIAN 2 - KỶ NGUYÊN 3,LINHA DO TEMPO 2 - OFERTA DA ERA 3,ZAMAN ÇİZELGESİ 2 - 3. ÇAĞ TEKLİFİ,ZEITLEISTE 2 - ZEITALTER 3 ANGEBOT,CHRONOLOGIE 2 - OFFRE ÂGE 3,LINIMASA 2 - PENAWARAN ZAMAN 3,LÍNEA DE TIEMPO 2 - OFERTA DE LA ERA 3,ВРЕМЕННАЯ ШКАЛА 2 — ПРЕДЛОЖЕНИЕ ЭПОХИ 3,타임라인 2 - 시대 3 혜택,タイムライン 2 - 時代 3 のオファー,टाइमलाइन 2 - युग 3 का ऑफर,ЧАСОВА ШКАЛА 2 — ПРОПОЗИЦІЯ ЕРИ 3,CRONOLOGIA 2 - OFFERTA ETÀ 3,
com.horus.age.evolution.offer.t2a4,TIMELINE 2 - AGE 4 OFFER,ƯU ĐÃI DÒNG THỜI GIAN 2 - KỶ NGUYÊN 4,LINHA DO TEMPO 2 - OFERTA DA ERA 4,ZAMAN ÇİZELGESİ 2 - 4. ÇAĞ TEKLİFİ,ZEITLINIE 2 - ZEITALTER 4 ANGEBOT,CHRONOLOGIE 2 - OFFRE ÂGE 4,LINI MASA 2 - PENAWARAN ZAMAN 4,LÍNEA DE TIEMPO 2 - OFERTA DE EDAD 4,ХРОНОЛОГИЯ 2 - ПРЕДЛОЖЕНИЕ ЭРЫ 4,타임라인 2 - 시대 4 제안,タイムライン2 - 時代4オファー,टाइमलाइन 2 - आयु 4 ऑफ़र,ХРОНОЛОГІЯ 2 - ПРОПОЗИЦІЯ ЕРИ 4,CRONOLOGIA 2 - OFFERTA ETÀ 4,
com.horus.age.evolution.offer.t2a5,TIMELINE 2 - AGE 5 OFFER,ƯU ĐÃI DÒNG THỜI GIAN 2 - KỶ NGUYÊN 5,LINHA DO TEMPO 2 - OFERTA DE 5 ANOS,ZAMAN ÇİZELGESİ 2 - 5. YAŞ TEKLİFİ,ZEITLEISTE 2 - ANGEBOT FÜR ALTER 5,CHRONOLOGIE 2 - OFFRE ÂGE 5,LINIMASA 2 - PENAWARAN USIA 5,LÍNEA DE TIEMPO 2 - OFERTA DE EDAD 5,ХРОНОЛОГИЯ 2 - ПРЕДЛОЖЕНИЕ ДЛЯ 5 ЛЕТ,타임라인 2 - 5세 특가,タイムライン 2 - 5歳オファー,टाइमलाइन 2 - 5 साल का ऑफर,ЧАСОВА ШКАЛА 2 - ПРОПОЗИЦІЯ ДЛЯ 5 РОКІВ,LINEA TEMPORALE 2 - OFFERTA ETÀ 5,
com.horus.human.era.offer.t3a1,TIMELINE 3 - AGE 1 OFFER,ƯU ĐÃI DÒNG THỜI GIAN 3 - KỶ NGUYÊN 1,LINHA DO TEMPO 3 - OFERTA DA ERA 1,ZAMAN ÇİZGİSİ 3 - 1. ÇAĞ TEKLİFİ,ZEITLINIE 3 - ZEITALTER 1 ANGEBOT,LIGNE DU TEMPS 3 - OFFRE DE L'ÂGE 1,LINIMASA 3 - PENAWARAN ZAMAN 1,LÍNEA DE TIEMPO 3 - OFERTA DE LA ERA 1,ВРЕМЕННАЯ ШКАЛА 3 - ПРЕДЛОЖЕНИЕ ЭПОХИ 1,타임라인 3 - 시대 1 혜택,タイムライン 3 - 時代 1 オファー,टाइमलाइन 3 - युग 1 ऑफ़र,ЧАСОВА ШКАЛА 3 - ПРОПОЗИЦІЯ ЕПОХИ 1,LINEA TEMPORALE 3 - OFFERTA DELL'ETÀ 1,
com.horus.human.era.offer.t3a2,TIMELINE 3 - AGE 2 OFFER,ƯU ĐÃI DÒNG THỜI GIAN 3 - KỶ NGUYÊN 2,LINHA DO TEMPO 3 - OFERTA DA ERA 2,ZAMAN ÇİZELGESİ 3 - 2. ÇAĞ TEKLİFİ,ZEITLEISTE 3 - ZEITALTER 2 ANGEBOT,TIMELINE 3 - OFFRE ÂGE 2,LINIMASA 3 - PENAWARAN ZAMAN 2,LÍNEA DE TIEMPO 3 - OFERTA DE LA EDAD 2,ВРЕМЕННАЯ ШКАЛА 3 - ПРЕДЛОЖЕНИЕ ЭПОХИ 2,타임라인 3 - 시대 2 제안,タイムライン 3 - 時代 2 オファー,टाइमलाइन 3 - आयु 2 प्रस्ताव,ХРОНОЛОГІЯ 3 - ПРОПОЗИЦІЯ ЕПОХИ 2,LINEA TEMPORALE 3 - OFFERTA ETÀ 2,
com.horus.human.era.offer.t3a3,TIMELINE 3 - AGE 3 OFFER,ƯU ĐÃI DÒNG THỜI GIAN 3 - KỶ NGUYÊN 3,LINHA DO TEMPO 3 - OFERTA DA ERA 3,ZAMAN ÇİZELGESİ 3 - 3. ÇAĞ TEKLİFİ,ZEITLEISTE 3 - ANGEBOT ZEITALTER 3,TIMELINE 3 - OFFRE ÂGE 3,LINIMASA 3 - PENAWARAN ZAMAN 3,LÍNEA DE TIEMPO 3 - OFERTA EDAD 3,ХРОНОЛОГИЯ 3 - ПРЕДЛОЖЕНИЕ ЭПОХИ 3,타임라인 3 - 시대 3 혜택,タイムライン 3 - 時代 3 オファー,टाइमलाइन 3 - आयु 3 ऑफ़र,ХРОНОЛОГІЯ 3 - ПРОПОЗИЦІЯ ЕПОХИ 3,TIMELINE 3 - OFFERTA ETÀ 3,
com.horus.human.era.offer.t3a4,TIMELINE 3 - AGE 4 OFFER,ƯU ĐÃI DÒNG THỜI GIAN 3 - KỶ NGUYÊN 4,LINHA DO TEMPO 3 - OFERTA DA ERA 4,ZAMAN ÇİZGİSİ 3 - 4. ÇAĞ TEKLİFİ,ZEITLINIE 3 - ZEITALTER 4 ANGEBOT,CHRONOLOGIE 3 - OFFRE ÂGE 4,LINIMASA 3 - PENAWARAN ZAMAN 4,LÍNEA DE TIEMPO 3 - OFERTA EDAD 4,ХРОНОЛОГИЯ 3 - ПРЕДЛОЖЕНИЕ ЭПОХИ 4,타임라인 3 - 시대 4 혜택,タイムライン3 - 時代4のオファー,टाइमलाइन 3 - युग 4 ऑफ़र,ХРОНОЛОГІЯ 3 - ПРОПОЗИЦІЯ ЕПОХИ 4,LINEA TEMPORALE 3 - OFFERTA ETÀ 4,
com.horus.human.era.offer.t3a5,TIMELINE 3 - AGE 5 OFFER,ƯU ĐÃI DÒNG THỜI GIAN 3 - KỶ NGUYÊN 5,LINHA DO TEMPO 3 - OFERTA DE 5 ANOS,ZAMAN ÇİZELGESİ 3 - 5. YAŞ TEKLİFİ,ZEITLEISTE 3 - ANGEBOT FÜR ALTER 5,CHRONOLOGIE 3 - OFFRE ÂGE 5,LINIMASA 3 - PENAWARAN USIA 5,LÍNEA DE TIEMPO 3 - OFERTA DE 5 AÑOS,ХРОНОЛОГИЯ 3 - ПРЕДЛОЖЕНИЕ ДЛЯ 5 ЛЕТ,타임라인 3 - 5세 특가,タイムライン3 - 5歳限定オファー,टाइमलाइन 3 - 5 वर्ष का ऑफर,ХРОНОЛОГІЯ 3 - ПРОПОЗИЦІЯ ДЛЯ 5 РОКІВ,LINEA TEMPORALE 3 - OFFERTA ETÀ 5,
com.horus.human.era.pre.energy,PREMIUM ENERGY,NĂNG LƯỢNG CAO CẤP,ENERGIA PREMIUM,PREMİUM ENERJİ,PREMIUM-ENERGIE,ÉNERGIE PREMIUM,ENERGI PREMIUM,ENERGÍA PREMIUM,ПРЕМИУМ-ЭНЕРГИЯ,프리미엄 에너지,プレミアムエネルギー,प्रीमियम ऊर्जा,ПРЕМІУМ-ЕНЕРГІЯ,ENERGIA PREMIUM,
com.horus.human.era.pre.gem,PREMIUM GEM,NGỌC CAO CẤP,GEMA PREMIUM,PREMİUM ELMAS,PREMIUM-EDELSTEIN,GEMME PREMIUM,PERMATA PREMIUM,GEMA PREMIUM,ПРЕМИУМ-КРИСТАЛЛ,프리미엄 보석,プレミアムジェム,प्रीमियम रत्न,ПРЕМІУМ-КРИСТАЛ,GEMMA PREMIUM,
com.horus.age.evolution.remove.ads,REMOVE ADS,GỠ QUẢNG CÁO,REMOVER ANÚNCIOS,REKLAMLARI KALDIR,WERBUNG ENTFERNEN,SUPPRIMER LES PUBLICITÉS,HAPUS IKLAN,QUITAR ANUNCIOS,УДАЛИТЬ РЕКЛАМУ,광고 제거,広告を削除,विज्ञापन हटाएँ,ВИДАЛИТИ РЕКЛАМУ,RIMUOVI ANNUNCI,
com.horus.age.evolution.starterpack2,ENERGY BUNDLE,GÓI NĂNG LƯỢNG,Pacote de Energia,Enerji Paketi,Energiepaket,Pack d'énergie,Bundel Energi,Paquete de energía,Набор энергии,에너지 번들,エネルギーバンドル,ऊर्जा बंडल,Набір енергії,Pacchetto energia,
com.horus.mod.era.bundle.hero1,Samurai pack,Gói Samurai,Pacote Samurai,Samuray paketi,Samurai-Paket,Pack Samouraï,Paket Samurai,Paquete Samurái,Набор самурая,사무라이 팩,サムライパック,समुराई पैक,Набір самурая,Pacchetto Samurai,
com.horus.mod.era.bundle.hero2,Mad Scientist Pack,Gói Bác Học Điên,Pacote Cientista Louco,Çılgın Bilim İnsanı Paketi,Verrückter-Wissenschaftler-Paket,Pack Scientifique Fou,Paket Ilmuwan Gila,Paquete de Científico Loco,Набор «Безумный ученый»,매드 사이언티스트 팩,マッドサイエンティストパック,मैड साइंटिस्ट पैक,Набір «Божевільний вчений»,Pacchetto Scienziato Pazzo,
com.horus.mod.era.bundle.hero3,Punch Pack,Gói Punch,Pacote de Soco,Yumruk Paketi,Punch-Paket,Pack de coups,Paket Pukulan,Pack de puñetazos,Набор «Удар»,펀치 팩,パンチパック,पंच पैक,Набір «Удар»,Pacchetto pugno,
com.horus.age.evolution.starterpack1,STARTER BUNDLE,GÓI KHỞI ĐẦU,PACOTE INICIAL,BAŞLANGIÇ PAKETİ,STARTER-PAKET,PACK DE DÉMARRAGE,BUNDEL PEMULA,PAQUETE DE INICIO,НАБОР НОВИЧКА,스타터 번들,スターターバンドル,स्टार्टर बंडल,ПОЧАТКОВИЙ НАБІР,PACCHETTO INIZIALE,
com.horus.mod.era.energy.jar,ENERGY JAR,HŨ NĂNG LƯỢNG,Pote de Energia,Enerji Kavanozu,Energieglas,Jarre d'énergie,Toples Energi,Tarro de energía,Банка энергии,에너지 병,エナジージャー,ऊर्जा जार,Банка енергії,Giara d'energia,
com.horus.mod.era.energy1,10 ENERGY,10 NĂNG LƯỢNG,10 ENERGIA,10 ENERJİ,10 ENERGIE,10 ÉNERGIE,10 ENERGI,10 ENERGÍA,10 ЭНЕРГИИ,10 에너지,10 エネルギー,10 ऊर्जा,10 ЕНЕРГІЇ,10 ENERGIA,
com.horus.mod.era.energy2,40 ENERGY,40 NĂNG LƯỢNG,40 ENERGIA,40 ENERJİ,40 ENERGIE,40 ÉNERGIE,40 ENERGI,40 ENERGÍA,40 ЭНЕРГИИ,40 에너지,40 エネルギー,40 ऊर्जा,40 ЕНЕРГІЇ,40 ENERGIA,
com.horus.mod.era.energy3,125 ENERGY,125 NĂNG LƯỢNG,125 ENERGIA,125 ENERJİ,125 ENERGIE,125 ÉNERGIE,125 ENERGI,125 ENERGÍA,125 ЭНЕРГИИ,125 에너지,125 エネルギー,125 ऊर्जा,125 ЕНЕРГІЇ,125 ENERGIA,
com.horus.age.evolution.gem1,1000 GEM,1000 NGỌC,1000 GEMAS,1000 ELMAS,1000 EDELSTEINE,1000 GEMMES,1000 PERMATA,1000 GEMAS,1000 КРИСТАЛЛОВ,1000 보석,1000 ジェム,1000 रत्न,1000 КРИСТАЛІВ,1000 GEMME,
com.horus.age.evolution.gem2,3300 GEM,3300 NGỌC,3300 GEMAS,3300 ELMAS,3300 EDELSTEINE,3300 GEMMES,3300 PERMATA,3300 GEMAS,3300 КРИСТАЛЛОВ,3300 보석,3300 ジェム,3300 रत्न,3300 КРИСТАЛІВ,3300 GEMME,
com.horus.age.evolution.gem3,10.000 GEM,10.000 NGỌC,10.000 GEMAS,10.000 ELMAS,10.000 EDELSTEINE,10.000 GEMMES,10.000 PERMATA,10.000 GEMAS,10 000 КРИСТАЛЛОВ,"10,000 보석","10,000 ジェム","10,000 रत्न",10 000 КРИСТАЛІВ,10.000 GEMME,
com.horus.mod.era.offer.t1a2,TIMELINE 1 - AGE 2 OFFER,ƯU ĐÃI DÒNG THỜI GIAN 1 - KỶ NGUYÊN 2,OFERTA LINHA DO TEMPO 1 - ERA 2,ZAMAN ÇİZELGESİ 1 - ÇAĞ 2 TEKLİFİ,ZEITSTRAHL 1 - ZEITALTER 2 ANGEBOT,OFFRE LIGNE TEMPORELLE 1 - ÂGE 2,PENAWARAN GARIS WAKTU 1 - ZAMAN 2,OFERTA LÍNEA DE TIEMPO 1 - EDAD 2,ПРЕДЛОЖЕНИЕ: ВРЕМЕННАЯ ШКАЛА 1 — ЭПОХА 2,타임라인 1 - 시대 2 오퍼,タイムライン1 - 時代2 オファー,समय रेखा 1 - युग 2 ऑफ़र,ПРОПОЗИЦІЯ: ЧАСОВА ШКАЛА 1 — ЕПОХА 2,OFFERTA LINEA TEMPORALE 1 - ETÀ 2,
com.horus.mod.era.offer.t1a3,TIMELINE 1 - AGE 3 OFFER,ƯU ĐÃI DÒNG THỜI GIAN 1 - KỶ NGUYÊN 3,LINHA DO TEMPO 1 - OFERTA DA IDADE 3,ZAMAN ÇİZELGESİ 1 - ÇAĞ 3 TEKLİFİ,ZEITLINIE 1 - ZEITALTER 3 ANGEBOT,LIGNE DU TEMPS 1 - OFFRE ÂGE 3,LINI MASA 1 - PENAWARAN ZAMAN 3,LÍNEA DE TIEMPO 1 - OFERTA DE EDAD 3,ВРЕМЕННАЯ ШКАЛА 1 - ПРЕДЛОЖЕНИЕ ЭПОХИ 3,타임라인 1 - 시대 3 혜택,タイムライン 1 - 時代 3 オファー,समय रेखा 1 - आयु 3 ऑफ़र,ЧАСОВА ШКАЛА 1 - ПРОПОЗИЦІЯ ЕПОХИ 3,LINEA TEMPORALE 1 - OFFERTA ETÀ 3,
com.horus.mod.era.offer.t1a4,TIMELINE 1 - AGE 4 OFFER,ƯU ĐÃI DÒNG THỜI GIAN 1 - KỶ NGUYÊN 4,LINHA DO TEMPO 1 - OFERTA DA IDADE 4,ZAMAN ÇİZELGESİ 1 - ÇAĞ 4 TEKLİFİ,ZEITLINIE 1 - ZEITALTER 4 ANGEBOT,LIGNE DU TEMPS 1 - OFFRE ÂGE 4,LINI MASA 1 - PENAWARAN ZAMAN 4,LÍNEA DE TIEMPO 1 - OFERTA DE EDAD 4,ВРЕМЕННАЯ ШКАЛА 1 - ПРЕДЛОЖЕНИЕ ЭПОХИ 4,타임라인 1 - 시대 4 혜택,タイムライン 1 - 時代 4 オファー,समय रेखा 1 - आयु 4 ऑफ़र,ЧАСОВА ШКАЛА 1 - ПРОПОЗИЦІЯ ЕПОХИ 4,LINEA TEMPORALE 1 - OFFERTA ETÀ 4,
com.horus.mod.era.offer.t1a5,TIMELINE 1 - AGE 5 OFFER,ƯU ĐÃI DÒNG THỜI GIAN 1 - KỶ NGUYÊN 5,LINHA DO TEMPO 1 - OFERTA DA IDADE 5,ZAMAN ÇİZELGESİ 1 - ÇAĞ 5 TEKLİFİ,ZEITLINIE 1 - ZEITALTER 5 ANGEBOT,LIGNE DU TEMPS 1 - OFFRE ÂGE 5,LINI MASA 1 - PENAWARAN ZAMAN 5,LÍNEA DE TIEMPO 1 - OFERTA DE EDAD 5,ВРЕМЕННАЯ ШКАЛА 1 - ПРЕДЛОЖЕНИЕ ЭПОХИ 5,타임라인 1 - 시대 5 혜택,タイムライン 1 - 時代 5 オファー,समय रेखा 1 - आयु 5 ऑफ़र,ЧАСОВА ШКАЛА 1 - ПРОПОЗИЦІЯ ЕПОХИ 5,LINEA TEMPORALE 1 - OFFERTA ETÀ 5,
com.horus.mod.era.offer.t2a1,TIMELINE 2 - AGE 1 OFFER,ƯU ĐÃI DÒNG THỜI GIAN 2 - KỶ NGUYÊN 1,LINHA DO TEMPO 2 - OFERTA DA ERA 1,ZAMAN ÇİZELGESİ 2 - ÇAĞ 1 TEKLİFİ,ZEITLEISTE 2 - ZEITALTER 1 ANGEBOT,CHRONOLOGIE 2 - OFFRE ÂGE 1,LINI MASA 2 - PENAWARAN ZAMAN 1,LÍNEA DE TIEMPO 2 - OFERTA DE EDAD 1,ХРОНОЛОГИЯ 2 - ПРЕДЛОЖЕНИЕ ЭПОХИ 1,타임라인 2 - 시대 1 제안,タイムライン 2 - 時代 1 オファー,टाइमलाइन 2 - आयु 1 ऑफ़र,ХРОНОЛОГІЯ 2 - ПРОПОЗИЦІЯ ЕПОХИ 1,TIMELINE 2 - OFFERTA ETÀ 1,
com.horus.mod.era.offer.t2a2,TIMELINE 2 - AGE 2 OFFER,ƯU ĐÃI DÒNG THỜI GIAN 2 - KỶ NGUYÊN 2,LINHA DO TEMPO 2 - OFERTA DA ERA 2,ZAMAN ÇİZELGESİ 2 - 2. ÇAĞ TEKLİFİ,ZEITLINIE 2 - ZEITALTER 2 ANGEBOT,CHRONOLOGIE 2 - OFFRE ÂGE 2,LINIMASA 2 - PENAWARAN ZAMAN 2,LÍNEA DE TIEMPO 2 - OFERTA DE ERA 2,ВРЕМЕННАЯ ШКАЛА 2 - ПРЕДЛОЖЕНИЕ ЭРЫ 2,타임라인 2 - 시대 2 제안,タイムライン 2 - 時代 2 オファー,टाइमलाइन 2 - युग 2 ऑफ़र,ЧАСОВА ШКАЛА 2 - ПРОПОЗИЦІЯ ЕРИ 2,LINEA TEMPORALE 2 - OFFERTA ETÀ 2,
com.horus.mod.era.offer.t2a3,TIMELINE 2 - AGE 3 OFFER,ƯU ĐÃI DÒNG THỜI GIAN 2 - KỶ NGUYÊN 3,LINHA DO TEMPO 2 - OFERTA DA ERA 3,ZAMAN ÇİZELGESİ 2 - 3. ÇAĞ TEKLİFİ,ZEITLEISTE 2 - ZEITALTER 3 ANGEBOT,CHRONOLOGIE 2 - OFFRE ÂGE 3,LINIMASA 2 - PENAWARAN ZAMAN 3,LÍNEA DE TIEMPO 2 - OFERTA DE LA ERA 3,ВРЕМЕННАЯ ШКАЛА 2 — ПРЕДЛОЖЕНИЕ ЭПОХИ 3,타임라인 2 - 시대 3 혜택,タイムライン 2 - 時代 3 のオファー,टाइमलाइन 2 - युग 3 का ऑफर,ЧАСОВА ШКАЛА 2 — ПРОПОЗИЦІЯ ЕРИ 3,CRONOLOGIA 2 - OFFERTA ETÀ 3,
com.horus.mod.era.offer.t2a4,TIMELINE 2 - AGE 4 OFFER,ƯU ĐÃI DÒNG THỜI GIAN 2 - KỶ NGUYÊN 4,LINHA DO TEMPO 2 - OFERTA DA ERA 4,ZAMAN ÇİZELGESİ 2 - 4. ÇAĞ TEKLİFİ,ZEITLINIE 2 - ZEITALTER 4 ANGEBOT,CHRONOLOGIE 2 - OFFRE ÂGE 4,LINI MASA 2 - PENAWARAN ZAMAN 4,LÍNEA DE TIEMPO 2 - OFERTA DE EDAD 4,ХРОНОЛОГИЯ 2 - ПРЕДЛОЖЕНИЕ ЭРЫ 4,타임라인 2 - 시대 4 제안,タイムライン2 - 時代4オファー,टाइमलाइन 2 - आयु 4 ऑफ़र,ХРОНОЛОГІЯ 2 - ПРОПОЗИЦІЯ ЕРИ 4,CRONOLOGIA 2 - OFFERTA ETÀ 4,
com.horus.mod.era.offer.t2a5,TIMELINE 2 - AGE 5 OFFER,ƯU ĐÃI DÒNG THỜI GIAN 2 - KỶ NGUYÊN 5,LINHA DO TEMPO 2 - OFERTA DE 5 ANOS,ZAMAN ÇİZELGESİ 2 - 5. YAŞ TEKLİFİ,ZEITLEISTE 2 - ANGEBOT FÜR ALTER 5,CHRONOLOGIE 2 - OFFRE ÂGE 5,LINIMASA 2 - PENAWARAN USIA 5,LÍNEA DE TIEMPO 2 - OFERTA DE EDAD 5,ХРОНОЛОГИЯ 2 - ПРЕДЛОЖЕНИЕ ДЛЯ 5 ЛЕТ,타임라인 2 - 5세 특가,タイムライン 2 - 5歳オファー,टाइमलाइन 2 - 5 साल का ऑफर,ЧАСОВА ШКАЛА 2 - ПРОПОЗИЦІЯ ДЛЯ 5 РОКІВ,LINEA TEMPORALE 2 - OFFERTA ETÀ 5,
com.horus.mod.era.offer.t3a1,TIMELINE 3 - AGE 1 OFFER,ƯU ĐÃI DÒNG THỜI GIAN 3 - KỶ NGUYÊN 1,LINHA DO TEMPO 3 - OFERTA DA ERA 1,ZAMAN ÇİZGİSİ 3 - 1. ÇAĞ TEKLİFİ,ZEITLINIE 3 - ZEITALTER 1 ANGEBOT,LIGNE DU TEMPS 3 - OFFRE DE L'ÂGE 1,LINIMASA 3 - PENAWARAN ZAMAN 1,LÍNEA DE TIEMPO 3 - OFERTA DE LA ERA 1,ВРЕМЕННАЯ ШКАЛА 3 - ПРЕДЛОЖЕНИЕ ЭПОХИ 1,타임라인 3 - 시대 1 혜택,タイムライン 3 - 時代 1 オファー,टाइमलाइन 3 - युग 1 ऑफ़र,ЧАСОВА ШКАЛА 3 - ПРОПОЗИЦІЯ ЕПОХИ 1,LINEA TEMPORALE 3 - OFFERTA DELL'ETÀ 1,
com.horus.mod.era.offer.t3a2,TIMELINE 3 - AGE 2 OFFER,ƯU ĐÃI DÒNG THỜI GIAN 3 - KỶ NGUYÊN 2,LINHA DO TEMPO 3 - OFERTA DA ERA 2,ZAMAN ÇİZELGESİ 3 - 2. ÇAĞ TEKLİFİ,ZEITLEISTE 3 - ZEITALTER 2 ANGEBOT,TIMELINE 3 - OFFRE ÂGE 2,LINIMASA 3 - PENAWARAN ZAMAN 2,LÍNEA DE TIEMPO 3 - OFERTA DE LA EDAD 2,ВРЕМЕННАЯ ШКАЛА 3 - ПРЕДЛОЖЕНИЕ ЭПОХИ 2,타임라인 3 - 시대 2 제안,タイムライン 3 - 時代 2 オファー,टाइमलाइन 3 - आयु 2 प्रस्ताव,ХРОНОЛОГІЯ 3 - ПРОПОЗИЦІЯ ЕПОХИ 2,LINEA TEMPORALE 3 - OFFERTA ETÀ 2,
com.horus.mod.era.offer.t3a3,TIMELINE 3 - AGE 3 OFFER,ƯU ĐÃI DÒNG THỜI GIAN 3 - KỶ NGUYÊN 3,LINHA DO TEMPO 3 - OFERTA DA ERA 3,ZAMAN ÇİZELGESİ 3 - 3. ÇAĞ TEKLİFİ,ZEITLEISTE 3 - ANGEBOT ZEITALTER 3,TIMELINE 3 - OFFRE ÂGE 3,LINIMASA 3 - PENAWARAN ZAMAN 3,LÍNEA DE TIEMPO 3 - OFERTA EDAD 3,ХРОНОЛОГИЯ 3 - ПРЕДЛОЖЕНИЕ ЭПОХИ 3,타임라인 3 - 시대 3 혜택,タイムライン 3 - 時代 3 オファー,टाइमलाइन 3 - आयु 3 ऑफ़र,ХРОНОЛОГІЯ 3 - ПРОПОЗИЦІЯ ЕПОХИ 3,TIMELINE 3 - OFFERTA ETÀ 3,
com.horus.mod.era.offer.t3a4,TIMELINE 3 - AGE 4 OFFER,ƯU ĐÃI DÒNG THỜI GIAN 3 - KỶ NGUYÊN 4,LINHA DO TEMPO 3 - OFERTA DA ERA 4,ZAMAN ÇİZGİSİ 3 - 4. ÇAĞ TEKLİFİ,ZEITLINIE 3 - ZEITALTER 4 ANGEBOT,CHRONOLOGIE 3 - OFFRE ÂGE 4,LINIMASA 3 - PENAWARAN ZAMAN 4,LÍNEA DE TIEMPO 3 - OFERTA EDAD 4,ХРОНОЛОГИЯ 3 - ПРЕДЛОЖЕНИЕ ЭПОХИ 4,타임라인 3 - 시대 4 혜택,タイムライン3 - 時代4のオファー,टाइमलाइन 3 - युग 4 ऑफ़र,ХРОНОЛОГІЯ 3 - ПРОПОЗИЦІЯ ЕПОХИ 4,LINEA TEMPORALE 3 - OFFERTA ETÀ 4,
com.horus.mod.era.offer.t3a5,TIMELINE 3 - AGE 5 OFFER,ƯU ĐÃI DÒNG THỜI GIAN 3 - KỶ NGUYÊN 5,LINHA DO TEMPO 3 - OFERTA DE 5 ANOS,ZAMAN ÇİZELGESİ 3 - 5. YAŞ TEKLİFİ,ZEITLEISTE 3 - ANGEBOT FÜR ALTER 5,CHRONOLOGIE 3 - OFFRE ÂGE 5,LINIMASA 3 - PENAWARAN USIA 5,LÍNEA DE TIEMPO 3 - OFERTA DE 5 AÑOS,ХРОНОЛОГИЯ 3 - ПРЕДЛОЖЕНИЕ ДЛЯ 5 ЛЕТ,타임라인 3 - 5세 특가,タイムライン3 - 5歳限定オファー,टाइमलाइन 3 - 5 वर्ष का ऑफर,ХРОНОЛОГІЯ 3 - ПРОПОЗИЦІЯ ДЛЯ 5 РОКІВ,LINEA TEMPORALE 3 - OFFERTA ETÀ 5,
com.horus.mod.era.offer.t4a1,CHAPTER 4 - AGE 1 OFFER,ƯU ĐÃI CHƯƠNG 4 - KỶ NGUYÊN 1,CAPÍTULO 4 - OFERTA DA ERA 1,BÖLÜM 4 - 1. ÇAĞ TEKLİFİ,KAPITEL 4 - ZEITALTER 1 ANGEBOT,CHAPITRE 4 - OFFRE ÂGE 1,BAB 4 - PENAWARAN ZAMAN 1,CAPÍTULO 4 - OFERTA DE EDAD 1,ГЛАВА 4 - ПРЕДЛОЖЕНИЕ ЭПОХИ 1,4장 - 시대 1 제안,第4章 - 時代1のオファー,अध्याय 4 - आयु 1 ऑफ़र,РОЗДІЛ 4 - ПРОПОЗИЦІЯ ЕПОХИ 1,CAPITOLO 4 - OFFERTA ETÀ 1,
com.horus.mod.era.offer.t4a2,CHAPTER 4 - AGE 2 OFFER,ƯU ĐÃI CHƯƠNG 4 - KỶ NGUYÊN 2,CAPÍTULO 4 - OFERTA DA IDADE 2,BÖLÜM 4 - 2. ÇAĞ TEKLİFİ,KAPITEL 4 - ZEITALTER 2 ANGEBOT,CHAPITRE 4 - OFFRE ÂGE 2,BAB 4 - PENAWARAN ZAMAN 2,CAPÍTULO 4 - OFERTA DE EDAD 2,ГЛАВА 4 - ПРЕДЛОЖЕНИЕ ЭПОХИ 2,챕터 4 - 시대 2 제안,第4章 - 時代2のオファー,अध्याय 4 - आयु 2 प्रस्ताव,РОЗДІЛ 4 - ПРОПОЗИЦІЯ ЕПОХИ 2,CAPITOLO 4 - OFFERTA ETÀ 2,
com.horus.mod.era.offer.t4a3,CHAPTER 4 - AGE 3 OFFER,ƯU ĐÃI CHƯƠNG 4 - KỶ NGUYÊN 3,CAPÍTULO 4 - OFERTA DE 3 ANOS,BÖLÜM 4 - 3 YAŞ TEKLİFİ,KAPITEL 4 - ANGEBOT FÜR ALTER 3,CHAPITRE 4 - OFFRE ÂGE 3,BAB 4 - PENAWARAN USIA 3,CAPÍTULO 4 - OFERTA DE EDAD 3,ГЛАВА 4 - ПРЕДЛОЖЕНИЕ ДЛЯ 3-ЛЕТНИХ,챕터 4 - 3세 특별 혜택,第4章 - 3歳オファー,अध्याय 4 - आयु 3 का प्रस्ताव,РОЗДІЛ 4 - ПРОПОЗИЦІЯ ДЛЯ ВІКУ 3,CAPITOLO 4 - OFFERTA ETÀ 3,
com.horus.mod.era.offer.t4a4,CHAPTER 4 - AGE 4 OFFER,ƯU ĐÃI CHƯƠNG 4 - KỶ NGUYÊN 4,CAPÍTULO 4 - OFERTA DE 4 ANOS,BÖLÜM 4 - 4 YAŞ TEKLİFİ,KAPITEL 4 - ANGEBOT FÜR ALTER 4,CHAPITRE 4 - OFFRE POUR L'ÂGE 4,BAB 4 - PENAWARAN UMUR 4,CAPÍTULO 4 - OFERTA DE EDAD 4,ГЛАВА 4 - ПРЕДЛОЖЕНИЕ ДЛЯ 4 ЛЕТ,챕터 4 - 4세 혜택,第4章 - 4歳オファー,अध्याय 4 - आयु 4 प्रस्ताव,РОЗДІЛ 4 - ПРОПОЗИЦІЯ ДЛЯ ВІКУ 4,CAPITOLO 4 - OFFERTA ETÀ 4,
com.horus.mod.era.offer.t4a5,CHAPTER 4 - AGE 5 OFFER,ƯU ĐÃI CHƯƠNG 4 - KỶ NGUYÊN 5,CAPÍTULO 4 - OFERTA DE 5 ANOS,BÖLÜM 4 - 5 YAŞ TEKLİFİ,KAPITEL 4 - ANGEBOT FÜR ALTER 5,CHAPITRE 4 - OFFRE 5 ANS,BAB 4 - PENAWARAN USIA 5,CAPÍTULO 4 - OFERTA DE 5 AÑOS,ГЛАВА 4 - ПРЕДЛОЖЕНИЕ ДЛЯ 5 ЛЕТ,챕터 4 - 5세 혜택,第4章 - 5歳限定オファー,अध्याय 4 - 5 साल का ऑफ़र,РОЗДІЛ 4 - ПРОПОЗИЦІЯ ДЛЯ 5 РОКІВ,CAPITOLO 4 - OFFERTA 5 ANNI,
com.horus.mod.era.pre.energy,PREMIUM ENERGY,NĂNG LƯỢNG CAO CẤP,ENERGIA PREMIUM,PREMİUM ENERJİ,PREMIUM-ENERGIE,ÉNERGIE PREMIUM,ENERGI PREMIUM,ENERGÍA PREMIUM,ПРЕМИУМ-ЭНЕРГИЯ,프리미엄 에너지,プレミアムエネルギー,प्रीमियम ऊर्जा,ПРЕМІУМ-ЕНЕРГІЯ,ENERGIA PREMIUM,
com.horus.mod.era.pre.gem,PREMIUM GEM,NGỌC CAO CẤP,GEMA PREMIUM,PREMİUM ELMAS,PREMIUM-EDELSTEIN,GEMME PREMIUM,PERMATA PREMIUM,GEMA PREMIUM,ПРЕМИУМ-КРИСТАЛЛ,프리미엄 보석,プレミアムジェム,प्रीमियम रत्न,ПРЕМІУМ-КРИСТАЛ,GEMMA PREMIUM,
com.horus.mod.era.remove.ads,REMOVE ADS,GỠ QUẢNG CÁO,REMOVER ANÚNCIOS,REKLAMLARI KALDIR,WERBUNG ENTFERNEN,SUPPRIMER LES PUBLICITÉS,HAPUS IKLAN,QUITAR ANUNCIOS,УДАЛИТЬ РЕКЛАМУ,광고 제거,広告を削除,विज्ञापन हटाएँ,ВИДАЛИТИ РЕКЛАМУ,RIMUOVI ANNUNCI,
com.horus.mod.era.remove.ads.sale,REMOVE ADS,GỠ QUẢNG CÁO,REMOVER ANÚNCIOS,REKLAMLARI KALDIR,WERBUNG ENTFERNEN,SUPPRIMER LES PUBLICITÉS,HAPUS IKLAN,QUITAR ANUNCIOS,УДАЛИТЬ РЕКЛАМУ,광고 제거,広告を削除,विज्ञापन हटाएँ,ВИДАЛИТИ РЕКЛАМУ,RIMUOVI ANNUNCI,
com.horus.mod.era.special.offer1,SPECIAL BUNDLE 1,GÓI ĐẶC BIỆT 1,PACOTE ESPECIAL 1,ÖZEL PAKET 1,SONDERPAKET 1,PACK SPÉCIAL 1,BUNDLE SPESIAL 1,PAQUETE ESPECIAL 1,СПЕЦИАЛЬНЫЙ НАБОР 1,특별 번들 1,スペシャルバンドル 1,विशेष बंडल 1,СПЕЦІАЛЬНИЙ НАБІР 1,PACCHETTO SPECIALE 1,
com.horus.mod.era.special.offer2,SPECIAL BUNDLE 2,GÓI ĐẶC BIỆT 2,Pacote Especial 2,Özel Paket 2,Spezialpaket 2,Pack Spécial 2,Bundel Spesial 2,Paquete Especial 2,Специальный набор 2,특별 번들 2,スペシャルバンドル 2,विशेष बंडल 2,Спеціальний набір 2,Pacchetto Speciale 2,
com.horus.mod.era.special.offer3,SPECIAL BUNDLE 3,GÓI ĐẶC BIỆT 3,PACOTE ESPECIAL 3,ÖZEL PAKET 3,SONDERPAKET 3,PACK SPÉCIAL 3,BUNDEL SPESIAL 3,PAQUETE ESPECIAL 3,СПЕЦИАЛЬНЫЙ НАБОР 3,스페셜 번들 3,スペシャルバンドル 3,विशेष बंडल 3,СПЕЦІАЛЬНИЙ НАБІР 3,PACCHETTO SPECIALE 3,
com.horus.mod.era.special.offer4,SPECIAL BUNDLE 4,GÓI ĐẶC BIỆT 4,PACOTE ESPECIAL 4,ÖZEL PAKET 4,SPEZIAL-BUNDLE 4,PACK SPÉCIAL 4,BUNDEL SPESIAL 4,PAQUETE ESPECIAL 4,СПЕЦИАЛЬНЫЙ НАБОР 4,특별 번들 4,スペシャルバンドル 4,विशेष बंडल 4,СПЕЦІАЛЬНИЙ НАБІР 4,PACCHETTO SPECIALE 4,
com.horus.mod.era.special.offer5,SPECIAL BUNDLE 5,GÓI ĐẶC BIỆT 5,Pacote especial 5,Özel Paket 5,Sonderpaket 5,Pack spécial 5,Bundel khusus 5,Paquete especial 5,Специальный набор 5,스페셜 번들 5,スペシャルバンドル 5,विशेष बंडल 5,Спеціальний набір 5,Pacchetto speciale 5,
continue,Continue,Tiếp Tục,Continuar,Devam Et,Weiter,Continuer,Lanjutkan,Continuar,Продолжить,계속하기,続行,जारी रखें,Продовжити,Continua,
free,Free,Miễn Phí,Grátis,Ücretsiz,Kostenlos,Gratuit,Gratis,Gratis,Бесплатно,무료,無料,मुफ़्त,Безкоштовно,Gratis,
help_support,Support,Hỗ trợ,Suporte,Destek,Support,Assistance,Dukungan,Soporte,Поддержка,지원,サポート,समर्थन,Підтримка,Supporto,
hero,Hero,Anh Hùng,Herói,Kahraman,Held,Héros,Pahlawan,Héroe,Герой,영웅,ヒーロー,नायक,Герой,Eroe,
home,HOME,SẢNH,Início,Ana Sayfa,Startseite,Accueil,Beranda,Inicio,Главная,홈,ホーム,होम,Головна,HOME,
language,Language,Ngôn Ngữ,Idioma,Dil,Sprache,Langue,Bahasa,Idioma,Язык,언어,言語,भाषा,Мова,Lingua,
limited,Limited,Giới Hạn,Limitado,Sınırlı,Begrenzt,Limité,Terbatas,Limitado,Ограничено,한정,限定,सीमित,Обмежено,Limitato,
loading,Loading,Đang Tải,Carregando,Yükleniyor,Lädt...,Chargement,Memuat,Cargando,Загрузка,로딩 중,読み込み中,लोड हो रहा है,Завантаження,Caricamento,
local_ntf_cn_8am_des,Today is the perfect time to finish it.,"Nếu chưa, hôm nay là thời điểm hoàn hảo để hoàn thành.","Se não, hoje é o dia perfeito para concluir.",Açmadıysan bugün tam zamanı.,"Falls nicht, heute ist der perfekte Zeitpunkt.","Sinon, aujourd’hui est le moment idéal.","Jika belum, hari ini waktu yang tepat.","Si no, hoy es el momento perfecto.",Если нет — сегодня идеальный день.,아직이라면 오늘이 딱 좋은 날이에요.,まだなら、今日がチャンス。,"अगर नहीं, तो आज सही समय है।",Якщо ні — сьогодні ідеальний момент.,"Se no, oggi è il momento perfetto.",
local_ntf_cn_8am_tit,🧩 Have you unlocked every era?,🧩 Bạn đã mở hết các kỷ nguyên chưa?,🧩 Já desbloqueou todas as eras?,🧩 Tüm çağları açtın mı?,🧩 Hast du alle Ären freigeschaltet?,🧩 As-tu débloqué toutes les ères ?,🧩 Sudah membuka semua era?,🧩 ¿Has desbloqueado todas las eras?,🧩 Ты открыл все эры?,🧩 모든 시대를 열었나요?,🧩 すべての時代を解放した？,🧩 क्या सभी युग खोल लिए?,🧩 Ти відкрив усі ери?,🧩 Hai sbloccato tutte le ere?,
local_ntf_cn_8pm_des,Spin one more time and prepare for the next era.,Vào game quay thêm một lượt và chuẩn bị cho kỷ nguyên mới.,"Entre no jogo, gire mais uma vez e prepare-se para a nova era.","Oyuna gir, bir tur daha çevir ve yeni çağa hazırlan.","Starte das Spiel, drehe noch einmal und bereite dich vor.","Entre dans le jeu, tourne encore une fois et prépare la suite.","Masuk game, putar sekali lagi dan bersiap untuk era baru.","Entra al juego, gira una vez más y prepárate.","Зайди в игру, прокрути ещё раз и готовься.",한 번 더 돌리고 다음 시대를 준비하세요.,もう一度回して次の時代へ。,एक बार और घुमाएं और नए युग के लिए तैयार हों।,"Зайди в гру, прокрути ще раз і готуйся.","Entra nel gioco, gira ancora una volta e preparati.",
local_ntf_cn_8pm_tit,🔥 The evolution never stops,🔥 Hành trình tiến hoá vẫn chưa dừng lại,🔥 A evolução não para,🔥 Evrim yolculuğu durmaz,🔥 Die Evolution hört nie auf,🔥 L’évolution ne s’arrête jamais,🔥 Evolusi belum berhenti,🔥 La evolución no se detiene,🔥 Эволюция продолжается,🔥 진화는 아직 끝나지 않았어요,🔥 進化は止まらない,🔥 विकास अभी रुका नहीं है,🔥 Еволюція триває,🔥 L’evoluzione continua,
local_ntf_t2_8am_des,Spin now to unlock characters and start the evolution journey.,Vào game quay ngay để mở nhân vật và khởi động hành trình tiến hoá.,Entre no jogo e gire agora para desbloquear personagens e iniciar a evolução.,Oyuna girerek karakterleri aç ve evrim yolculuğuna başla.,"Drehe jetzt und schalte Charaktere frei, um die Evolution zu starten.",Lance le jeu et tourne pour débloquer des personnages et commencer l’évolution.,Masuk game dan putar sekarang untuk membuka karakter dan memulai evolusi.,Entra al juego y gira para desbloquear personajes e iniciar la evolución.,"Зайди в игру и крути, чтобы открыть персонажей и начать эволюцию.",게임에 접속해 돌리고 캐릭터를 해금해 진화를 시작하세요.,ゲームに入って回してキャラを解放し進化を始めよう।,गेम में जाकर घुमाएं और पात्र खोलकर विकास शुरू करें।,"Зайди в гру, прокрути та відкрий персонажів і почни еволюцію.",Entra nel gioco e gira per sbloccare personaggi e iniziare l’evoluzione.,
local_ntf_t2_8am_tit,🎡 Start a new era,🎡 Bắt đầu kỷ nguyên mới,🎡 Comece uma nova era,🎡 Yeni bir çağ başlıyor,🎡 Beginne eine neue Ära,🎡 Commence une nouvelle ère,🎡 Mulai era baru,🎡 Comienza una nueva era,🎡 Начни новую эру,🎡 새로운 시대를 시작하세요,🎡 新しい時代を始めよう,🎡 एक नए युग की शुरुआत करें,🎡 Почни нову еру,🎡 Inizia una nuova era,
local_ntf_t2_8pm_des,One wrong move and you start over. Try it now!,Chỉ một lần nhắm sai là phải đi lại từ đầu. Vào thử ngay nhé!,Um erro e você recomeça do zero. Experimente agora!,Tek bir hata her şeyi sıfırlar. Hemen dene!,Ein Fehler und du fängst von vorne an. Probier es jetzt!,Une seule erreur et tout recommence. Essaie maintenant !,Satu kesalahan dan harus mengulang dari awal. Coba sekarang!,Un solo error y empiezas desde cero. ¡Pruébalo ya!,Одна ошибка — и всё сначала. Попробуешь?,한 번만 실수해도 처음부터입니다. 지금 도전해보세요!,一度ミスしたら最初から。今すぐ挑戦！,एक गलती और फिर से शुरुआत। अभी आज़माएँ!,Одна помилка — і все з початку. Спробуй зараз!,Un solo errore e riparti da zero. Prova ora!,
local_ntf_t2_8pm_tit,🎯 Hit or miss?,🎯 Nhắm trúng hay trượt đây?,🎯 Acertar ou errar?,🎯 İsabet mi kaçırma mı?,🎯 Treffer oder daneben?,🎯 Réussite ou échec ?,🎯 Kena atau meleset?,🎯 ¿Aciertas o fallas?,🎯 Попадёшь или промахнёшься?,"🎯 맞힐까, 놓칠까?",🎯 当たる？外れる？,🎯 निशाना लगेगा या चूकेगा?,🎯 Влучиш чи промахнешся?,🎯 Colpisci o manchi?,
local_ntf_t3_8am_des,"Log in to get gold, upgrade characters and run farther.","Đăng nhập nhận vàng, nâng cấp nhân vật và chạy xa hơn nhé.","Entre para ganhar ouro, evoluir personagens e ir mais longe.","Giriş yap, altın kazan, karakterini geliştir ve daha uzağa git.","Melde dich an, sammle Gold, verbessere Charaktere und laufe weiter.","Connecte-toi, récupère de l’or et améliore tes personnages.","Masuk, ambil emas, tingkatkan karakter dan berlari lebih jauh.","Inicia sesión, consigue oro y mejora tus personajes.","Войди, получи золото, улучшай персонажей и беги дальше.",로그인하고 골드를 받아 캐릭터를 강화하세요.,ログインしてゴールドを獲得し、キャラを強化しよう。,"लॉगिन करें, सोना पाएं और पात्र अपग्रेड करें।","Увійди, отримай золото та покращ персонажів.","Accedi, ottieni oro e potenzia i personaggi.",
local_ntf_t3_8am_tit,🪙 Free gold this morning,🪙 Sáng nay có vàng miễn phí,🪙 Ouro grátis esta manhã,🪙 Bu sabah ücretsiz altın,🪙 Kostenloses Gold heute Morgen,🪙 De l’or gratuit ce matin,🪙 Emas gratis pagi ini,🪙 Oro gratis esta mañana,🪙 Бесплатное золото сегодня утром,🪙 오늘 아침 무료 골드,🪙 今朝は無料ゴールド,🪙 आज सुबह मुफ्त सोना,🪙 Безкоштовне золото зранку,🪙 Oro gratis questa mattina,
local_ntf_t3_8pm_des,Timing and direction matter. Can you do it?,"Cần đúng thời điểm, đúng hướng. Bạn làm được không?",É tudo sobre tempo e direção. Você consegue?,Zamanlama ve yön önemli. Yapabilir misin?,Timing und Richtung sind entscheidend. Schaffst du es?,Le timing et la direction comptent. Tu y arrives ?,Waktu dan arah yang tepat. Bisa?,El momento y la dirección lo son todo. ¿Puedes hacerlo?,Важно время и направление. Справишься?,타이밍과 방향이 중요합니다. 할 수 있나요?,タイミングと方向が鍵。できる？,सही समय और दिशा जरूरी है। क्या कर सकते हो?,Важливі час і напрям. Впораєшся?,Il tempismo e la direzione contano. Ce la fai?,
local_ntf_t3_8pm_tit,🧠 This stage needs no luck,🧠 Màn này không cần may mắn,🧠 Esta fase não depende de sorte,🧠 Bu bölüm şansa bağlı değil,🧠 Dieses Level braucht kein Glück,🧠 Ce niveau ne dépend pas de la chance,🧠 Level ini tidak butuh keberuntungan,🧠 Este nivel no requiere suerte,🧠 Этот уровень без удачи,🧠 이 스테이지는 운이 필요 없어요,🧠 このステージは運不要,🧠 इस स्तर में किस्मत नहीं चाहिए,🧠 Цей рівень без удачі,🧠 Questo livello non richiede fortuna,
local_ntf_t4_8am_des,Unlock a new era and meet never-seen characters.,Mở kỷ nguyên mới và gặp những nhân vật chưa từng xuất hiện.,Desbloqueie uma nova era e conheça personagens inéditos.,Yeni bir çağ aç ve daha önce görülmemiş karakterlerle tanış.,Schalte eine neue Ära frei und entdecke neue Charaktere.,Débloque une nouvelle ère et découvre des personnages inédits.,Buka era baru dan temui karakter yang belum pernah ada.,Desbloquea una nueva era y personajes nunca vistos.,Открой новую эру и встречай новых персонажей.,새로운 시대를 열고 처음 보는 캐릭터를 만나세요.,新時代を解放し、新キャラに出会おう。,नया युग खोलें और नए पात्रों से मिलें।,Відкрий нову еру та зустрінь нових персонажів.,Sblocca una nuova era e incontra personaggi mai visti.,
local_ntf_t4_8am_tit,🧬 Time to evolve!,🧬 Đến lúc tiến hoá rồi!,🧬 Hora de evoluir!,🧬 Evrim zamanı!,🧬 Zeit zu evolvieren!,🧬 Il est temps d’évoluer !,🧬 Saatnya berevolusi!,🧬 ¡Hora de evolucionar!,🧬 Пора эволюционировать!,🧬 진화할 시간이에요!,🧬 進化の時！,🧬 विकास का समय!,🧬 Час еволюціонувати!,🧬 È ora di evolversi!,
local_ntf_t4_8pm_des,Can you beat it? Try now!,Bạn có vượt qua được không? Vào game thử liền nhé!,Você consegue vencer? Tente agora!,Geçebilir misin? Şimdi dene!,Schaffst du es? Versuch es jetzt!,Penses-tu pouvoir réussir ? Essaie maintenant !,Bisa menang? Coba sekarang!,¿Puedes superarlo? ¡Inténtalo ya!,Сможешь пройти? Попробуй сейчас!,극복할 수 있나요? 지금 도전하세요!,クリアできる？今すぐ挑戦！,क्या पार कर सकते हो? अभी आज़माओ!,Зможеш пройти? Спробуй зараз!,Riesci a superarlo? Prova ora!,
local_ntf_t4_8pm_tit,🔥 Most players fail this stage,🔥 Phần lớn người chơi đều thua màn này,🔥 A maioria falha nesta fase,🔥 Çoğu oyuncu bu bölümü geçemiyor,🔥 Die meisten scheitern an diesem Level,🔥 La plupart des joueurs échouent ici,🔥 Kebanyakan pemain kalah di level ini,🔥 La mayoría falla este nivel,🔥 Большинство игроков проигрывают здесь,🔥 대부분의 유저가 이 스테이지에서 패배합니다,🔥 多くのプレイヤーが失敗,🔥 ज़्यादातर खिलाड़ी यहाँ हार जाते हैं,🔥 Більшість гравців програють тут,🔥 La maggior parte dei giocatori fallisce qui,
local_ntf_t5_8am_des,Spin the wheel this morning to unlock a special character.,Quay vòng quay sáng nay để mở khoá nhân vật đặc biệt.,Gire a roleta esta manhã para desbloquear um personagem especial.,Bu sabah çarkı çevirerek özel karakteri aç.,Drehe heute Morgen das Rad und schalte einen besonderen Charakter frei.,Tourne la roue ce matin pour débloquer un personnage spécial.,Putar roda pagi ini untuk membuka karakter spesial.,Gira la ruleta esta mañana y desbloquea un personaje especial.,Прокрути колесо сегодня утром и открой особого персонажа.,오늘 아침 룰렛을 돌려 특별 캐릭터를 해금하세요.,今朝ルーレットを回して特別キャラを解放しよう。,आज सुबह घुमाकर विशेष पात्र खोलें।,Прокрути колесо зранку та відкрий особливого персонажа.,Gira la ruota questa mattina per sbloccare un personaggio speciale.,
local_ntf_t5_8am_tit,👤 A new character is waiting,👤 Nhân vật mới đang chờ bạn,👤 Um novo personagem está esperando,👤 Yeni bir karakter seni bekliyor,👤 Ein neuer Charakter wartet auf dich,👤 Un nouveau personnage t’attend,👤 Karakter baru menunggumu,👤 Un nuevo personaje te espera,👤 Новый персонаж ждёт тебя,👤 새로운 캐릭터가 기다리고 있어요,👤 新しいキャラが待っている,👤 नया पात्र आपका इंतज़ार कर रहा है,👤 Новий персонаж чекає на тебе,👤 Un nuovo personaggio ti aspetta,
local_ntf_t5_8pm_des,Jump back in and finish the stage.,Quay lại game và hoàn thành màn chơi nhé.,Volte ao jogo e complete a fase.,Oyuna dön ve bölümü tamamla.,Spring zurück ins Spiel und schließe das Level ab.,Retourne dans le jeu et termine le niveau.,Kembali ke game dan selesaikan level.,Vuelve al juego y completa el nivel.,Вернись в игру и заверши уровень.,게임에 돌아와 스테이지를 완료하세요.,ゲームに戻ってクリアしよう。,गेम में वापस आकर स्तर पूरा करें।,Повернись у гру та заверши рівень.,Torna nel gioco e completa il livello.,
local_ntf_t5_8pm_tit,⚡ Just one more run left,⚡ Chỉ còn thiếu một lượt nữa thôi,⚡ Falta só mais uma rodada,⚡ Sadece bir tur kaldı,⚡ Nur noch ein Lauf übrig,⚡ Plus qu’une partie,⚡ Tinggal satu ronde lagi,⚡ Solo queda una partida,⚡ Остался всего один забег,⚡ 한 판만 더 남았어요,⚡ あと1回だけ,⚡ बस एक रन बाकी है,⚡ Залишився ще один забіг,⚡ Manca solo un’altra corsa,
local_ntf_t6_8am_des,"Aim well, run smooth and collect gold before your day starts.","Vào game nhắm chuẩn, chạy mượt và gom vàng trước khi bắt đầu ngày mới.","Entre, mire bem, corra suave e junte ouro antes do dia começar.","Oyuna gir, iyi nişan al, akıcı koş ve altın topla.","Ziele gut, laufe flüssig und sammle Gold vor dem Start des Tages.","Vise juste, cours fluide et collecte de l’or avant de commencer la journée.","Masuk game, bidik tepat, lari mulus dan kumpulkan emas.","Apunta bien, corre suave y recoge oro antes de empezar el día.","Точно целься, беги плавно и собирай золото с утра.",정확히 조준하고 부드럽게 달리며 골드를 모으세요.,正確に狙ってスムーズに走り、ゴールドを集めよう。,"ठीक निशाना लगाएं, स्मूथ दौड़ें और सोना इकट्ठा करें।","Точно цілься, біжи плавно та збирай золото.","Mira bene, corri fluido e raccogli oro prima di iniziare la giornata.",
local_ntf_t6_8am_tit,☀️ Morning run to wake up,"☀️ Sáng rồi, chạy một màn cho tỉnh nào",☀️ Uma corrida matinal pra acordar,☀️ Sabah koşusu zamanı,☀️ Ein Lauf am Morgen zum Wachwerden,☀️ Une course matinale pour se réveiller,☀️ Lari pagi biar segar,☀️ Una carrera matutina para despertar,"☀️ Утренний забег, чтобы проснуться",☀️ 아침에 한 판 달려볼까요,☀️ 朝にひと走り,☀️ सुबह की दौड़ से तरोताज़ा हों,☀️ Ранковий забіг для бадьорості,☀️ Una corsa mattutina per svegliarsi,
local_ntf_t6_8pm_des,"Spin the wheel, watch your character run and smash pillars. Jump in and relax!","Quay vòng quay, xem nhân vật chạy và phá trụ. Vào game thư giãn thôi!","Gire a roleta, veja o personagem correr e destruir pilares. Entre no jogo e relaxe!","Çarkı çevir, karakterin koşup direkleri kırmasını izle. Oyuna gir ve rahatla!","Drehe das Rad, sieh deinem Charakter beim Laufen und Zerstören der Säulen zu. Steig ins Spiel ein und entspann dich!","Tourne la roue, regarde ton personnage courir et briser des piliers. Lance le jeu et détends-toi !","Putar roda, lihat karaktermu berlari dan menghancurkan pilar. Masuk game dan santai!","Gira la ruleta, mira a tu personaje correr y romper pilares. Entra al juego y relájate.","Прокрути колесо, смотри как персонаж бежит и ломает столбы. Заходи в игру и расслабься.",룰렛을 돌리고 캐릭터가 달리며 기둥을 부수는 모습을 보세요. 게임에 들어와서 쉬어보세요!,ルーレットを回して、キャラが走って柱を壊すのを見よう。ゲームに入ってリラックス！,"पहिया घुमाएं, पात्र को दौड़ते और खंभे तोड़ते देखें। गेम में आकर आराम करें!","Прокрути колесо, подивись як персонаж біжить і ламає стовпи. Заходь у гру та розслабся!","Gira la ruota, guarda il personaggio correre e distruggere i pilastri. Entra nel gioco e rilassati!",
local_ntf_t6_8pm_tit,🌙 A light run before resting,🌙 Chạy nhẹ một màn rồi nghỉ ngơi,🌙 Uma corrida leve antes de descansar,🌙 Dinlenmeden önce hafif bir koşu,🌙 Ein lockerer Lauf vor der Pause,🌙 Une petite course avant de se reposer,🌙 Lari santai sebelum istirahat,🌙 Una carrera ligera antes de descansar,🌙 Лёгкий забег перед отдыхом,🌙 쉬기 전에 가볍게 한 판,🌙 休む前に軽く1プレイ,🌙 आराम से पहले हल्की दौड़,🌙 Легкий забіг перед відпочинком,🌙 Una corsa leggera prima di riposare,
local_ntf_t7_8am_des,Collect gold and upgrade faster.,Vào game gom vàng và nâng cấp nhanh hơn nhé.,"Entre no jogo, junte ouro e evolua mais rápido.","Oyuna gir, altın topla ve hızlı yüksel.","Starte das Spiel, sammle Gold und verbessere dich schneller.","Entre dans le jeu, récupère de l’or et progresse plus vite.","Masuk game, kumpulkan emas dan upgrade lebih cepat.","Entra al juego, recoge oro y mejora más rápido.","Зайди в игру, собирай золото и улучшайся быстрее.",게임에 접속해 골드를 모으고 빠르게 강화하세요.,ゴールドを集めて素早く強化しよう。,गेम में जाकर सोना जमा करें और जल्दी अपग्रेड करें।,"Зайди в гру, збирай золото та прокачуйся швидше.","Entra nel gioco, raccogli oro e potenziati più velocemente.",
local_ntf_t7_8am_tit,🚀 Weekend run goes farther,"🚀 Cuối tuần, chạy xa hơn thường ngày",🚀 No fim de semana você corre mais longe,🚀 Hafta sonu daha uzağa koş,🚀 Am Wochenende läufst du weiter,"🚀 Le week-end, tu vas plus loin",🚀 Akhir pekan lari lebih jauh,🚀 El fin de semana corres más lejos,🚀 В выходные можно бежать дальше,🚀 주말엔 더 멀리 달려보세요,🚀 週末はもっと遠くへ,🚀 वीकेंड पर और दूर दौड़ें,🚀 На вихідних біжиш далі,🚀 Nel weekend corri più lontano,
local_ntf_t7_8pm_des,One small mistake and it's over. Dare to try?,Chỉ cần lệch một chút là thua. Bạn dám thử không?,Um pequeno erro e tudo acaba. Tem coragem?,Küçük bir hata ve biter. Denemeye cesaretin var mı?,Ein kleiner Fehler und alles ist vorbei. Traust du dich?,Un petit faux pas et c’est fini. Tu oses ?,"Sedikit saja meleset, kalah. Berani coba?",Un pequeño error y pierdes. ¿Te atreves?,Малейшая ошибка — и конец. Осмелишься?,조금만 틀려도 끝입니다. 도전할까요?,少しのミスで終了。挑戦する？,थोड़ी सी गलती और खत्म। हिम्मत है?,Трохи помилився — і кінець. Спробуєш?,Un piccolo errore e finisce tutto. Hai il coraggio?,
local_ntf_t7_8pm_tit,💥 This stage is intense,💥 Màn này hơi căng đấy,💥 Esta fase é tensa,💥 Bu bölüm oldukça zor,💥 Dieses Level ist ziemlich hart,💥 Ce niveau est tendu,💥 Level ini cukup menegangkan,💥 Este nivel es bastante intenso,💥 Этот уровень напряжённый,💥 이 스테이지는 꽤 빡셉니다,💥 このステージはハード,💥 यह स्तर काफी कठिन है,💥 Цей рівень напружений,💥 Questo livello è tosto,
max,MAX,TỐI ĐA,MÁX,MAKS,MAX,MAX,MAKS,MÁX,МАКС,최대,最大,अधिकतम,МАКС,MAX,
money,Money,Tiền,Dinheiro,Para,Geld,Argent,Uang,Dinero,Деньги,돈,お金,पैसे,Гроші,Soldi,
newera,New Era,Kỷ Nguyên Mới,Nova Era,Yeni Çağ,Neue Ära,Nouvelle Ère,Era Baru,Nueva Era,Новая эра,새로운 시대,新時代,नया युग,Нова ера,Nuova Era,
ntf_mes_1,You’ve been gone 24h! Log in and save us!,Bạn đã biến mất 24h! Đăng nhập và cứu bọn mình đi!,Você sumiu por 24h! Entre e nos salve!,24 saattir yoksun! Giriş yap ve bizi kurtar!,Du bist seit 24h weg! Log dich ein und rette uns!,Vous êtes parti 24h ! Connectez-vous et sauvez-nous !,Kamu hilang 24 jam! Masuk dan selamatkan kami!,¡Llevas 24h fuera! ¡Entra y sálvanos!,Тебя не было 24 часа! Войди и спаси нас!,24시간 동안 없었어요! 접속해서 우리를 구해주세요!,24時間も不在！ ログインして助けて！,आप 24 घंटे से गायब हैं! लॉग इन करें और हमें बचाएँ!,Тебе не було 24 годин! Увійди і врятуй нас!,Sei sparito da 24 ore! Accedi e salvaci!,
ntf_mes_2,Urgent! Log in now or today’s reward will cry!,Khẩn cấp! Đăng nhập ngay kẻo phần thưởng hôm nay khóc đấy!,Urgente! Entre agora ou a recompensa vai chorar!,Acil! Hemen giriş yap yoksa ödül ağlayacak!,"Dringend! Log dich ein, sonst weint die Belohnung!","Urgent ! Connectez-vous, ou la récompense va pleurer !",Mendesak! Masuk sekarang atau hadiahnya menangis!,¡Urgente! ¡Entra o la recompensa llorará!,"Срочно! Войди, иначе награда заплачет!",긴급! 지금 로그인 안 하면 보상이 울 거예요!,緊急！ ログインしないと報酬が泣いちゃうよ！,तुरंत! अभी लॉग इन करें नहीं तो इनाम रो देगा!,"Терміново! Увійди, бо нагорода заплаче!",Urgente! Accedi ora o la ricompensa piangerà!,
ntf_mes_3,24h offline? Rivals are celebrating! Come back!,24h không vào? Đối thủ ăn mừng rồi! Quay lại ngay!,24h offline? Rivais estão comemorando! Volte já!,24 saat offline mı? Rakipler kutluyor! Geri dön!,24h offline? Deine Rivalen feiern! Komm zurück!,24h hors-ligne ? Vos rivaux fêtent déjà ! Revenez !,24 jam offline? Rivalmu berpesta! Kembali!,¿24h offline? ¡Tus rivales celebran! ¡Vuelve!,24 часа оффлайн? Соперники празднуют! Вернись!,24시간 오프라인? 라이벌이 축하 중! 돌아오세요!,24時間オフ？ ライバルが祝ってるよ！ 戻って！,24 घंटे ऑफ़लाइन? आपके प्रतिद्वंद्वी जश्न मना रहे हैं! लौटें!,24 годин офлайн? Суперники святкують! Повертайся!,24h offline? I rivali festeggiano! Torna subito!,
ntf_mes_4,Red alert! Your hero is gathering dust—log in!,Báo động đỏ! Nhân vật của bạn đang phủ bụi—đăng nhập ngay!,Alerta vermelho! Seu herói está juntando poeira — entre já!,Kırmızı alarm! Kahramanın tozlanıyor—giriş yap!,Roter Alarm! Dein Held verstaubt — log dich ein!,Alerte rouge ! Votre héros prend la poussière — connectez-vous !,Siaga merah! Heromu berdebu—masuk sekarang!,¡Alerta roja! ¡Tu héroe se está llenando de polvo! ¡Entra ya!,Красная тревога! Твой герой покрывается пылью — войди!,레드 알럿! 영웅이 먼지 쌓이는 중—접속하세요!,レッドアラート！ ヒーローが埃まみれ—ログインして！,रेड अलर्ट! आपका हीरो धूल जमा रहा है—लॉग इन करें!,Червона тривога! Твій герой припадає пилом — увійди!,Allarme rosso! Il tuo eroe sta prendendo polvere — accedi!,
offer_1p1_des_1,"Buy 1, get 1 for","Mua 1, tặng 1","Compre 1, leve 1",1 alana 1,"Kaufe 1, erhalte 1","Achetez-en 1, obtenez-en 1","Beli 1, dapat 1",¡Compra 1 y llévate 1,"Купите 1, получите 1",1개 구매 시 1개,1つ買うと1つ,"1 खरीदें, 1","Купуйте 1, отримуйте 1","Compra 1, ricevi 1",
offer_1p1_des_2,<color=yellow>FREE</color>!,<color=yellow>MIỄN PHÍ</color>!,<color=yellow>GRÁTIS</color>!,<color=yellow>BEDAVA</color>!,<color=yellow>GRATIS</color>!,<color=yellow>GRATUIT</color> !,<color=yellow>GRATIS</color>!,<color=yellow>GRATIS</color>!,<color=yellow>БЕСПЛАТНО</color>!,<color=yellow>무료</color>!,<color=yellow>無料</color>！,<color=yellow>मुफ्त</color> पाएं!,<color=yellow>БЕЗКОШТОВНО</color>!,<color=yellow>GRATIS</color>!,
pack_unlock_until_era,Unlocked at <color=#F2F14C>{0}</color>,Mở khóa tại <color=#F2F14C>{0}</color>,Desbloqueado na <color=#F2F14C> {0}</color>,<color=#F2F14C>{0}</color> düzeyinde açılır,Freigeschaltet in <color=#F2F14C>{0}</color>,Débloqué à l'<color=#F2F14C>{0}</color>,Terbuka di <color=#F2F14C> {0}</color>,Desbloqueado en la <color=#F2F14C> {0}</color>,Открывается в <color=#F2F14C>{0}</color>,<color=#F2F14C>{0} 시대</color>에서 잠금 해제됨,<color=#F2F14C>時代 {0}</color>で解除,<color=#F2F14C>युग {0}</color> में अनलॉक किया गया,Відкрито в <color=#F2F14C>{0}</color>,Sbloccato nell'<color=#F2F14C> {0}</color>,
pack_unlock_until_era2,Unlocked at <color=#F2F14C>Era {0}</color>,Mở khóa tại <color=#F2F14C>Era {0}</color>,Desbloqueado na <color=#F2F14C>Era {0}</color>,<color=#F2F14C>Çağ {0}</color> düzeyinde açılır,Freigeschaltet in <color=#F2F14C>Ära {0}</color>,Débloqué à l'<color=#F2F14C>Ère {0}</color>,Terbuka di <color=#F2F14C>Era {0}</color>,Desbloqueado en la <color=#F2F14C>Era {0}</color>,Открывается в <color=#F2F14C>Эре {0}</color>,<color=#F2F14C>{0} 시대</color>에서 잠금 해제됨,<color=#F2F14C>時代 {0}</color>で解除,<color=#F2F14C>युग {0}</color> में अनलॉक किया गया,Відкрито в <color=#F2F14C>Епосі {0}</color>,Sbloccato nell'<color=#F2F14C>Era {0}</color>,
popup_gem_des,Get <color=#F2F14C>Premium Upgrades</color>,Mua <color=#F2F14C>Nâng Cấp Đặc Biệt</color>,Obtenha <color=#F2F14C>Melhorias Premium</color>,<color=#F2F14C>Premium Yükseltmeleri</color> Al,Hol dir <color=#F2F14C>Premium-Upgrades</color>,Obtenez des <color=#F2F14C>améliorations Premium</color>,Dapatkan <color=#F2F14C>Peningkatan Premium</color>,Obtén <color=#F2F14C>mejoras premium</color>,Получите <color=#F2F14C>премиум-улучшения</color>,<color=#F2F14C>프리미엄 업그레이드</color> 획득,<color=#F2F14C>プレミアムアップグレード</color>を入手,<color=#F2F14C>प्रीमियम अपग्रेड</color> प्राप्त करें,Отримайте <color=#F2F14C>преміум-покращення</color>,Ottieni <color=#F2F14C>potenziamenti premium</color>,
rating_description,Please rate and help us get better!,Hãy đánh giá để giúp chúng tôi hoàn thiện hơn nhé!,"Por favor, avalie e ajude-nos a melhorar!",Lütfen bizi değerlendirin ve gelişmemize yardımcı olun!,"Bitte bewerten Sie uns und helfen Sie uns, besser zu werden!",Veuillez nous noter et nous aider à nous améliorer !,Berikan penilaian dan bantu kami menjadi lebih baik!,"¡Por favor, califícanos y ayúdanos a mejorar!","Пожалуйста, оцените нас и помогите нам стать лучше!",평가를 통해 저희가 더 발전할 수 있도록 도와주세요!,評価して改善にご協力ください！,कृपया हमें रेट करें और बेहतर बनने में हमारी मदद करें!,"Будь ласка, оцініть нас і допоможіть нам стати кращими!","Per favore, valutaci e aiutaci a migliorare!",
rating_title,RATE US!,ĐÁNH GIÁ CHÚNG TÔI!,Avalie-nos!,Bizi değerlendirin!,Bewerte uns!,Notez-nous !,Nilai kami!,¡Califícanos!,Оцените нас!,평가해주세요!,評価してください！,हमें रेट करें!,Оцініть нас!,Valutaci!,
remove_ads_bundle_continue,CONTINUE WITH ADS,TIẾP TỤC VỚI QUẢNG CÁO,CONTINUAR COM ANÚNCIOS,REKLAMLARLA DEVAM ET,MIT WERBUNG FORTFAHREN,CONTINUER AVEC LA PUBLICITÉ,LANJUTKAN DENGAN IKLAN,CONTINUAR CON ANUNCIOS,ПРОДОЛЖИТЬ С РЕКЛАМОЙ,광고와 함께 계속하기,広告を見て続行,विज्ञापनों के साथ जारी रखें,ПРОДОВЖИТИ З РЕКЛАМОЮ,CONTINUA CON LA PUBBLICITÀ,
remove_ads_bundle_description,Remove force ads. Keep optional ads for reward,Gỡ bỏ quảng cáo bắt buộc. Giữ lại quảng cáo tự chọn để nhận thưởng.,Remover anúncios obrigatórios. Manter anúncios opcionais para recompensas.,Zorunlu reklamları kaldır. Ödül için isteğe bağlı reklamları tut.,Erzwungene Werbung entfernen. Optionale Werbung für Belohnungen behalten.,Supprimer les publicités forcées. Conserver les publicités facultatives pour les récompenses.,Hapus iklan paksa. Pertahankan iklan opsional untuk hadiah.,Eliminar anuncios obligatorios. Mantener anuncios opcionales por recompensa.,Удалить принудительную рекламу. Оставить необязательную рекламу за вознаграждение.,강제 광고 제거. 보상용 선택 광고 유지.,強制広告を削除。報酬用の任意広告は継続。,ज़बरन विज्ञापनों को हटाएँ। इनाम के लिए वैकल्पिक विज्ञापन रखें।,Видалити примусову рекламу. Залишити необов'язкову рекламу за винагороду.,Rimuovi gli annunci forzati. Mantieni gli annunci facoltativi per i premi.,
remove_ads_bundle_title,"Block Ads, Unlock Joy.","Tắt Quảng Cáo, Bật Niềm Vui","Bloqueie anúncios, desbloqueie a alegria.","Reklamları Engelle, Keyfin Kilidini Aç.","Werbung blockieren, Freude freischalten.","Bloquez les publicités, débloquez la joie.","Blokir Iklan, Buka Kegembiraan.","Bloquea anuncios, desbloquea la alegría.","Блокируйте рекламу, разблокируйте радость.","광고 차단, 즐거움을 잠금 해제하세요.",広告をブロックして、楽しさをアンロック。,"विज्ञापन ब्लॉक करें, खुशी अनलॉक करें।","Блокуйте рекламу, розблокуйте радість.","Blocca gli annunci, sblocca la gioia.",
restore_purschase,Restore Purchase,Khôi Phục Mua Hàng,Restaurar Compra,Satın Alımı Geri Yükle,Käufe wiederherstellen,Restaurer les achats,Pulihkan Pembelian,Restaurar compra,Восстановить покупку,구매 복원,購入を復元,खरीदारी पुनर्स्थापित करें,Відновити покупку,Ripristina acquisto,
reward,Rewards,Thưởng,Recompensas,Ödüller,Belohnungen,Récompenses,Hadiah,Recompensas,Награды,보상,報酬,इनाम,Нагороди,Premi,
sale,Sale,Giảm giá,Promoção,İndirim,Angebot,Promotion,Promo,Oferta,Распродажа,세일,セール,सेल,Розпродаж,Saldi,
select_account_description,"Choose the account you want to continue. One you choose, another one will be deleted permanently","Chọn tài khoản bạn muốn tiếp tục. Sau khi chọn, tài khoản còn lại sẽ bị xóa vĩnh viễn.","Escolha a conta com a qual deseja continuar. Assim que escolher, a outra será excluída permanentemente",Devam etmek istediğiniz hesabı seçin. Birini seçtiğinizde diğeri kalıcı olarak silinecektir,"Wählen Sie das Konto aus, mit dem Sie fortfahren möchten. Sobald Sie eines auswählen, wird das andere dauerhaft gelöscht","Choisissez le compte avec lequel vous souhaitez continuer. Une fois choisi, l'autre sera définitivement supprimé","Pilih akun yang ingin Anda gunakan untuk melanjutkan. Setelah Anda memilih, akun lainnya akan dihapus secara permanen","Elige la cuenta con la que quieres continuar. Una vez que elijas, la otra se eliminará de forma permanente","Выберите учетную запись, которую хотите продолжить использовать. После выбора другая будет удалена безвозвратно",계속할 계정을 선택하세요. 하나를 선택하면 다른 하나는 영구적으로 삭제됩니다,続行するアカウントを選択してください。選択すると、もう一方のアカウントは完全に削除されます,"वह खाता चुनें जिसे आप जारी रखना चाहते हैं। एक बार जब आप चुन लेंगे, तो दूसरा स्थायी रूप से हटा दिया जाएगा","Виберіть обліковий запис, який ви хочете продовжити. Після вибору інший буде видалено назавжди","Scegli l'account con cui desideri continuare. Una volta scelto, l'altro verrà eliminato in modo permanente",
select_account_tittle,SELECT ACCOUNT,CHỌN TÀI KHOẢN,SELECIONAR CONTA,Lütfen bizi değerlendirin ve gelişmemize yardımcı olun!,KONTO AUSWÄHLEN,SÉLECTIONNER UN COMPTE,PILIH AKUN,SELECCIONAR CUENTA,ВЫБРАТЬ АККАУНТ,계정 선택,アカウントを選択,खाता चुनें,ВИБРАТИ ОБЛІКОВИЙ ЗАПИС,SELEZIONA ACCOUNT,
setting,Setting,Cài đặt,Configurações,Ayarlar,Einstellungen,Paramètres,Pengaturan,Configuración,Настройки,설정,設定,सेटिंग,Налаштування,Impostazioni,
shop,SHOP,CỬA HÀNG,Loja,Mağaza,Shop,Boutique,Toko,Tienda,Магазин,상점,ショップ,दुकान,Магазин,NEGOZIO,
shop_bundle,Bundle,Gói,Pacote,Paket,Paket,Pack,Bundel,Paquete,Набор,번들,バンドル,बंडल,Набір,Pacchetto,
shop_energy,Energy,Năng Lượng,Energia,Enerji,Energie,Énergie,Energi,Energía,Энергия,에너지,エネルギー,ऊर्जा,Енергія,Energia,
shop_gems,Gem,Ngọc,Gema,Mücevher,Edelstein,Gemme,Permata,Gema,Самоцвет,보석,ジェム,रत्न,Гем,Gemma,
shop_offers,Offers,Gói,Ofertas,Teklifler,Angebote,Offres,Penawaran,Ofertas,Предложения,제안,オファー,ऑफ़र,Пропозиції,Offerte,
shop_preenergy_detail_1,Receive on Purchase:,Nhận Ngay: ,Receber na compra:,Satın Alımda Alınan:,Bei Kauf erhalten:,Reçu à l'achat :,Terima saat Pembelian:,Recibir al comprar:,Получите при покупке:,구매 시 수령:,購入時に受け取る：,खरीदारी पर प्राप्त करें:,Отримайте при купівлі:,Ricevi all'acquisto:,
shop_preenergy_detail_2,Energy Capacity:,Năng Lượng Tối Đa:,Capacidade de Energia:,Enerji Kapasitesi:,Energiekapazität:,Capacité d'énergie :,Kapasitas Energi:,Capacidad de energía:,Запас энергии:,에너지 용량:,エネルギー容量：,ऊर्जा क्षमता:,Ємність енергії:,Capacità energetica:,
shop_preenergy_detail_3,Energy Recharge Time:,Thời Gian Hồi:,Tempo de Recarga de Energia:,Enerji Yenilenme Süresi:,Energie-Aufladezeit:,Temps de recharge d'énergie :,Waktu Isi Ulang Energi:,Tiempo de recarga de energía:,Время восстановления энергии:,에너지 충전 시간:,エネルギー充電時間：,ऊर्जा रिचार्ज समय:,Час відновлення енергії:,Tempo di ricarica energia:,
shop_pregem_detail_1,"Start with <color=#EA5EF8>{0}</color> <sprite name=""gem""> for <color=#F2F14C>Each era</color>","Nhận ngay <color=#EA5EF8>{0}</color> <sprite name=""gem""> ở <color=#F2F14C>Kỷ Nguyên Mới</color>","Comece com <color=#EA5EF8>{0}</color> <sprite name=""gem""> para <color=#F2F14C>Cada era</color>","<color=#F2F14C>Her çağ</color> başında <color=#EA5EF8>{0}</color> <sprite name=""gem""> ile başla","Starte mit <color=#EA5EF8>{0}</color> <sprite name=""gem""> für <color=#F2F14C>jede Ära</color>","Commencez avec <color=#EA5EF8>{0}</color> <sprite name=""gem""> pour <color=#F2F14C>chaque ère</color>","Mulai dengan <color=#EA5EF8>{0}</color> <sprite name=""gem""> untuk <color=#F2F14C>Setiap era</color>","Comienza con <color=#EA5EF8>{0}</color> <sprite name=""gem""> en <color=#F2F14C>cada era</color>","Начинайте с <color=#EA5EF8>{0}</color> <sprite name=""gem""> в <color=#F2F14C>каждой эре</color>","<color=#F2F14C>각 시대</color>마다 <color=#EA5EF8>{0}</color> <sprite name=""gem"">로 시작","<color=#F2F14C>各時代</color>を<color=#EA5EF8>{0}</color> <sprite name=""gem"">で開始","<color=#F2F14C>प्रत्येक युग</color> के लिए <color=#EA5EF8>{0}</color> <sprite name=""gem""> के साथ शुरू करें","Починайте з <color=#EA5EF8>{0}</color> <sprite name=""gem""> у <color=#F2F14C>кожній ері</color>","Inizia con <color=#EA5EF8>{0}</color> <sprite name=""gem""> per <color=#F2F14C>ogni era</color>",
shop_pregem_detail_2,"Earn <color=#EA5EF8>{0}</color> <sprite name=""gem""> at the start of <color=#F2F14C>Each level</color>","Nhận <color=#EA5EF8>{0}</color> <sprite name=""gem""> khi bắt đầu <color=#F2F14C>Mỗi Màn Chơi</color>","Ganhe <color=#EA5EF8>{0}</color> <sprite name=""gem""> no início de <color=#F2F14C>Cada nível</color>","<color=#F2F14C>Her seviye</color> başında <color=#EA5EF8>{0}</color> <sprite name=""gem""> kazan","Erhalte <color=#EA5EF8>{0}</color> <sprite name=""gem""> zu Beginn <color=#F2F14C>jedes Levels</color>","Gagnez <color=#EA5EF8>{0}</color> <sprite name=""gem""> au début de <color=#F2F14C>chaque niveau</color>","Dapatkan <color=#EA5EF8>{0}</color> <sprite name=""gem""> di awal <color=#F2F14C>Setiap level</color>","Gana <color=#EA5EF8>{0}</color> <sprite name=""gem""> al comienzo de <color=#F2F14C>cada nivel</color>","Получайте <color=#EA5EF8>{0}</color> <sprite name=""gem""> в начале <color=#F2F14C>каждого уровня</color>","<color=#F2F14C>각 레벨</color> 시작 시 <color=#EA5EF8>{0}</color> <sprite name=""gem""> 획득","<color=#F2F14C>各レベル</color>の開始時に<color=#EA5EF8>{0}</color> <sprite name=""gem"">を獲得","<color=#F2F14C>प्रत्येक स्तर</color> की शुरुआत में <color=#EA5EF8>{0}</color> <sprite name=""gem""> कमाएं","Отримуйте <color=#EA5EF8>{0}</color> <sprite name=""gem""> на початку <color=#F2F14C>кожного рівня</color>","Guadagna <color=#EA5EF8>{0}</color> <sprite name=""gem""> all'inizio di <color=#F2F14C>ogni livello</color>",
shop_premiums,Premiums,Gói Cao Cấp,Premium,Premiumlar,Premium,Premiums,Premium,Premium,Премиум,프리미엄,プレミアム,प्रीमियम,Преміум,Premium,
shop_removeads_detail,Remove <color=#EA5EF8>Force Ad</color> interuptions.,Gỡ bỏ các <color=#EA5EF8>quảng cáo xen ngang</color> bắt buộc.,Remover interrupções de <color=#EA5EF8>Anúncios Forçados</color>.,<color=#EA5EF8>Zorunlu Reklam</color> kesintilerini kaldırın.,<color=#EA5EF8>Erzwungene Werbung</color> entfernen.,Supprimer les interruptions de <color=#EA5EF8>Publicité Forcée</color>.,Hapus gangguan <color=#EA5EF8>Iklan Paksa</color>.,Elimina las interrupciones de <color=#EA5EF8>Anuncios Forzados</color>.,Убрать прерывания на <color=#EA5EF8>Обязательную рекламу</color>.,<color=#EA5EF8>강제 광고</color> 제거.,<color=#EA5EF8>強制広告</color>を削除します。,<color=#EA5EF8>अनिवार्य विज्ञापन</color> के व्यवधानों को हटाएं।,Видалити переривання <color=#EA5EF8>Примусовою рекламою</color>.,Rimuovi le interruzioni delle <color=#EA5EF8>Pubblicità forzate</color>.,
shop_weekendsale,Weekend Sale,Giảm cuối tuần,Promoção de Fim de Semana,Hafta Sonu İndirimi,Wochenend-Sale,Vente de week-end,Obral Akhir Pekan,Oferta de fin de semana,Распродажа выходного дня,주말 세일,週末セール,सप्ताहांत सेल,Розпродаж на вихідні,Saldi del fine settimana,
skip,Skip >>,Bỏ Qua >>,Pular >>,Geç >>,Überspringen >>,Passer >>,Lewati >>,Omitir >>,Пропустить >>,건너뛰기 >>,スキップ >>,छोड़ें >>,Пропустити >>,Salta >>,
skip_it,Skip Ads,Bỏ Qua Quảng Cáo,Pular anúncios,Reklamları Atla,Werbung überspringen,Passer les annonces,Lewati Iklan,Omitir anuncios,Пропустить рекламу,광고 건너뛰기,広告をスキップ,विज्ञापन छोड़ें,Пропустити рекламу,Salta annunci,
skip_it_des,Skip Ads allow you to claim reward without watching ads,Bỏ Qua Quảng Cáo cho phép bạn nhận thưởng mà không cần xem quảng cáo,Pular anúncios permite que você resgate recompensas sem assistir aos anúncios.,"Reklamları Atla, reklam izlemeden ödül almanızı sağlar.","Werbeanzeigen überspringen ermöglicht es Ihnen, Belohnungen zu beanspruchen, ohne Anzeigen anzusehen.",Ignorer les publicités vous permet de réclamer des récompenses sans regarder de publicités.,Lewati Iklan memungkinkan Anda untuk mengeklaim hadiah tanpa menonton iklan.,Omitir anuncios te permite reclamar recompensas sin ver anuncios.,Пропуск рекламы позволяет получать награды без просмотра рекламы.,광고 건너뛰기를 사용하면 광고를 시청하지 않고도 보상을 받을 수 있습니다.,広告スキップを使用すると、広告を見ずに報酬を受け取ることができます。,विज्ञापनों को छोड़ें आपको विज्ञापन देखे बिना इनाम का दावा करने की अनुमति देता है।,Пропуск реклами дозволяє отримувати винагороду без перегляду реклами.,Salta gli annunci ti consente di riscattare i premi senza guardare la pubblicità.,
special_bundle_des,Claim each offer to get the ultimate free prize!,Nhận mọi ưu đãi để sở hữu phần thưởng miễn phí cuối cùng!,Resgate cada oferta para ganhar o prêmio grátis final!,Nihai ücretsiz ödülü almak için her teklifi talep edin!,"Lösen Sie jedes Angebot ein, um den ultimativen Gratispreis zu erhalten!",Réclamez chaque offre pour obtenir le prix gratuit ultime !,Klaim setiap penawaran untuk mendapatkan hadiah gratis utama!,¡Reclama cada oferta para obtener el gran premio gratuito!,"Заберите каждое предложение, чтобы получить главный бесплатный приз!",각 혜택을 신청하고 최고의 무료 상품을 받으세요!,各オファーを受け取って、究極の無料特典をゲットしましょう！,परम निःशुल्क पुरस्कार पाने के लिए प्रत्येक ऑफ़र का दावा करें!,"Активуйте кожну пропозицію, щоб отримати головний безкоштовний приз!",Riscatta ogni offerta per ottenere il premio gratuito finale!,
special_bundle_time,OFFER ENDS IN:,ƯU ĐÃI KẾT THÚC TRONG:,A oferta termina em:,Teklifin sona ermesine:,Angebot endet in:,L'offre se termine dans :,Penawaran berakhir dalam:,La oferta termina en:,Предложение истекает через:,제안 종료까지:,オファー終了まで：,ऑफ़र समाप्त होने में:,Пропозиція закінчується через:,L'offerta scade tra:,
ui_coming_soon,Coming Soon,Đang Phát Triển,Em breve,Yakında,Demnächst,Bientôt disponible,Segera Hadir,Próximamente,Скоро,출시 예정,近日公開,जल्द आ रहा है,Незабаром,Prossimamente,
ui_download_complete,Download completed!,Tải hoàn tất!,Download concluído!,İndirme tamamlandı!,Download abgeschlossen!,Téléchargement terminé !,Unduhan selesai!,¡Descarga completada!,Загрузка завершена!,다운로드 완료!,ダウンロード完了！,डाउनलोड पूरा हो गया!,Завантаження завершено!,Download completato!,
ui_download_failed,"Download failed!
Please connect to the internet and try again.","Tải xuống thất bại!
Vui lòng kết nối mạng và thử lại.","Falha no download!
Conecte-se à internet e tente novamente","İndirme başarısız!
Lütfen internete bağlanıp tekrar deneyin","Download fehlgeschlagen!
Bitte stelle eine Internetverbindung her und versuche es erneut","Échec du téléchargement !
Veuillez vous connecter à Internet et réessayer","Gagal mengunduh!
Sambungkan ke internet dan coba lagi","¡Descarga fallida!
Conéctate a Internet e inténtalo de nuevo","Сбой загрузки!
Пожалуйста, подключитесь к интернету и повторите попытку","다운로드 실패!
인터넷에 연결한 후 다시 시도하세요","ダウンロード失敗！
インターネットに接続して再試行してください","डाउनलोड विफल!
कृपया इंटरनेट से कनेक्ट करें और पुनः प्रयास करें","Не вдалося завантажити!
Підключіться до інтернету й спробуйте ще раз","Download non riuscito!
Connettiti a Internet e riprova",
ui_downloadbundle,Please connect to the internet to continue playing,Vui lòng kết nối mạng để tiếp tục chơi,"Por favor, conecte-se à internet para continuar jogando",Lütfen oynamaya devam etmek için internete bağlanın,"Bitte stelle eine Internetverbindung her, um weiterzuspielen",Veuillez vous connecter à Internet pour continuer à jouer,Silakan sambungkan ke internet untuk melanjutkan bermain,"Por favor, conéctate a Internet para seguir jugando","Пожалуйста, подключитесь к интернету, чтобы продолжить игру",계속하려면 인터넷에 연결해주세요,プレイを続けるにはインターネットに接続してください,कृपया खेलना जारी रखने के लिए इंटरनेट से कनेक्ट करें,"Будь ласка, підключіться до інтернету, щоб продовжити гру","Per favore, connettiti a Internet per continuare a giocare",
ui_endgame_complete,Level Complete!,Qua Màn!,Nível Concluído!,Seviye Tamamlandı!,Level abgeschlossen!,Niveau terminé !,Level Selesai!,¡Nivel completado!,Уровень пройден!,레벨 완료!,レベルクリア！,स्तर पूरा हुआ!,Рівень завершено!,Livello completato!,
ui_endgame_no,No Thanks!,"Không, Cảm Ơn!","Não, obrigado!","Hayır, Teşekkürler!","Nein, danke!",Non merci !,"Tidak, Terima Kasih!","¡No, gracias!","Нет, спасибо!","아니요, 괜찮습니다!",結構です,नहीं धन्यवाद!,"Ні, дякую!","No, grazie!",
ui_equip,Equip,Trang bị,Equipar,Kuşan,Ausrüsten,Équiper,Lengkapi,Equipar,Экипировать,장착,装備,लैस करें,Спорядити,Equipaggia,
ui_equiped,Equipped,Đã Trang Bị,Equipado,Donatıldı,Ausgestattet,Équipé,Dilengkapi,Equipado,Оснащено,장착됨,装備済み,सुसज्जित,Оснащено,Equipaggiato,
ui_full,Full,Đầy,Cheio ,Dolu,Voll,Plein,Penuh,Lleno,Полн,가득참,満タン,पूरा,Повн,Pieno,
ui_hero_bonus,Bonus,Tặng Kèm,Bônus,Bonus,Bonus,Bonus,Bonus,Bono,Бонус,보너스,ボーナス,बोनस,Бонус,Bonus,
ui_hero_ceo_name,CEO,CEO,CEO,CEO,CEO,PDG,CEO,CEO,Генеральный директор,CEO,CEO,सीईओ,Генеральний директор,CEO,
ui_hero_ceo_skill_des,"CEO’s attacks drop Cash. Additionally, they have a small chance to drop an extra Diamond.","Những đòn tấn công của CEO sẽ rơi ra một số tiền, ngoài ra có tỉ lệ nhỏ rơi thêm kim cương","Os ataques do CEO soltam Dinheiro. Além disso, eles têm uma pequena chance de soltar um Diamante extra.","CEO'nun saldırıları Nakit düşürür. Ayrıca, fazladan bir Elmas düşürme şansları da düşüktür.","Die Angriffe des CEO lassen Bargeld fallen. Zusätzlich besteht eine geringe Chance, dass sie einen zusätzlichen Diamanten fallen lassen.","Les attaques du PDG font tomber de l'Argent. De plus, elles ont une petite chance de faire tomber un Diamant supplémentaire.","Serangan CEO menjatuhkan Uang. Selain itu, ada peluang kecil untuk menjatuhkan Berlian tambahan.","Los ataques del CEO sueltan Dinero. Además, tienen una pequeña probabilidad de soltar un Diamante extra.","Атаки генерального директора приносят наличные. Кроме того, есть небольшой шанс выпадения дополнительного алмаза.","CEO의 공격은 현금을 드랍합니다. 또한, 추가 다이아몬드를 드랍할 낮은 확률이 있습니다.",CEOの攻撃はキャッシュをドロップします。さらに、低確率で追加のダイヤモンドをドロップします。,"सीईओ के हमले नकद गिराते हैं। इसके अतिरिक्त, उनके पास एक अतिरिक्त हीरा गिराने का एक छोटा मौका है।","Атаки генерального директора приносять готівку. Крім того, є невеликий шанс випадання додаткового діаманта.","Gli attacchi del CEO rilasciano Contanti. Inoltre, hanno una piccola probabilità di rilasciare un Diamante extra.",
ui_hero_ceo_skill_name,It's Overtime,Đến giờ tăng ca,É prorrogação,Uzatma süresi,Es ist Verlängerung,C'est la prolongation,Waktu tambahan,Es tiempo extra,Это овертайм,연장전입니다,延長戦です,यह ओवरTIME है,Це овертайм,È tempo supplementare,
ui_hero_madscientist_name,Mad Scientist,Bác Học Điên,Cientista louco,Çılgın bilim adamı,Verrückter Wissenschaftler,Savant fou,Ilmuwan gila,Científico loco,Безумный ученый,미친 과학자,マッドサイエンティスト,पागल वैज्ञानिक,Божевільний вчений,Scienziato pazzo,
ui_hero_madscientist_skill_des,"Mad Scientist rushes to target. On impact, he explodes, inflicting damage over time.","Bác Học Điên lao thẳng về mục tiêu. Khi va chạm, hắn phát nổ, gây sát thương theo thời gian","Cientista Louco avança para o alvo. No impacto, ele explode, causando dano ao longo do tempo.",Çılgın Bilim Adamı hedefe atılır. Çarpma anında patlayarak zamanla hasar verir.,Der verrückte Wissenschaftler stürmt auf das Ziel zu. Beim Aufprall explodiert er und verursacht über Zeit Schaden.,"Le savant fou fonce vers la cible. À l'impact, il explose, infligeant des dégâts sur la durée.","Ilmuwan Gila menyerbu ke arah target. Saat terkena benturan, dia meledak, memberikan kerusakan seiring waktu.","El científico loco corre hacia el objetivo. Al impactar, explota e inflige daño con el tiempo.","Безумный ученый бросается к цели. При столкновении он взрывается, нанося периодический урон.",매드 사이언티스트가 목표를 향해 돌진합니다. 충돌 시 폭발하여 지속 피해를 입힙니다.,マッドサイエンティストがターゲットに突進する。衝突時に爆発し、継続ダメージを与える。,"पागल वैज्ञानिक लक्ष्य की ओर तेज़ी से बढ़ता है। टकराने पर, वह विस्फोट करता है, जिससे समय के साथ नुकसान होता है।","Божевільний вчений кидається до цілі. При зіткненні він вибухає, завдаючи періодичної шкоди.","Lo scienziato pazzo corre verso il bersaglio. All'impatto esplode, infliggendo danni nel tempo.",
ui_hero_madscientist_skill_name,Unstable Compound,Hợp chất bất ổn,Composto Instável,Kararsız Bileşik,Instabile Verbindung,Composé instable,Senyawa Tidak Stabil,Compuesto inestable,Нестабильное соединение,불안정한 화합물,不安定な化合物,अस्थिर यौगिक,Нестабільна сполука,Composto instabile,
ui_hero_offer,Hero Offer,Gói Anh Hùng,Oferta do Herói,Kahraman Teklifi,Heldenangebot,Offre de héros,Penawaran Hero,Oferta de héroe,Предложение героя,히어로 오퍼,ヒーローオファー,हीरो ऑफर,Пропозиція героя,Offerta eroe,
ui_hero_punch_name,Punch,Punch,Soco,Yumruk,Schlag,Coup de poing,Pukulan,Puñetazo,Удар кулаком,펀치,パンチ,मुक्का,Удар кулаком,Pugno,
ui_hero_punch_skill_des,Delivers a powerful punch to the target. Chance to deal critical damage.,Thực hiện cú đấm siêu mạnh vào mục tiêu. Có tỉ lệ gây ra sát thương chí mạng,Desfere um soco poderoso no alvo. Chance de causar dano crítico.,Hedefe güçlü bir yumruk atar. Kritik hasar verme şansı.,Versetzt dem Ziel einen kraftvollen Schlag. Chance auf kritischen Schaden.,Donne un coup de poing puissant à la cible. Chance d'infliger des dégâts critiques.,Memberikan pukulan kuat ke target. Berpeluang memberikan kerusakan kritis.,Lanza un potente puñetazo al objetivo. Probabilidad de infligir daño crítico.,Наносит мощный удар по цели. Шанс нанести критический урон.,대상에게 강력한 펀치를 날립니다. 치명타 피해를 입힐 확률이 있습니다.,ターゲットに強力なパンチを繰り出す。会心ダメージを与えるチャンス。,लक्ष्य पर एक शक्तिशाली पंच मारता है। गंभीर क्षति पहुँचाने की संभावना है।,Завдає потужного удару по цілі. Шанс завдати критичної шкоди.,Sferra un potente pugno al bersaglio. Possibilità di infliggere danni critici.,
ui_hero_punch_skill_name,Fire Punch,Hỏa Quyền,Soco de Fogo,Ateş Yumruğu,Feuerfaust,Poing de feu,Pukulan Api,Puñetazo de fuego,Огненный удар,파이어 펀치,ファイアパンチ,अग्नि प्रहार,Вогняний удар,Pugno di fuoco,
ui_hero_purchase,Purchase,Mua,Comprar,Satın Al,Kaufen,Acheter,Beli,Comprar,Купить,구매,購入,खरीदें,Купити,Acquistare,
ui_hero_samurai_name,Samurai,Samurai,Samurai,Samuray,Samurai,Samouraï,Samurai,Samurái,Самурай,사무라이,侍,समुराई,Самурай,Samurai,
ui_hero_samurai_skill_des,"Upon impact, Samurai swings his sword to slash the target three times, dealing massive damage.","Khi va chạm, Samurai vung kiếm thực hiện ba đòn chém nhanh liên tiếp vào mục tiêu, gây sát thương lớn.","Ao impactar, o Samurai golpeia com sua espada para retalhar o alvo três vezes, causando dano massivo.","Çarpma anında, Samuray kılıcını savurarak hedefi üç kez keser ve büyük hasar verir.","Beim Aufprall schwingt der Samurai sein Schwert, um das Ziel dreimal zu schlagen und massiven Schaden zu verursachen.","À l'impact, le Samouraï balance son sabre pour trancher la cible trois fois, infligeant des dégâts massifs.","Saat terkena benturan, Samurai mengayunkan pedangnya untuk menebas target tiga kali, memberikan kerusakan besar.","Al impactar, el samurái blande su espada para tajear al objetivo tres veces, infligiendo un daño masivo.","При ударе самурай взмахивает мечом и трижды наносит удар по цели, нанося огромный урон.",충돌 시 사무라이는 검을 휘둘러 대상을 세 번 베어 막대한 피해를 입힙니다.,衝撃を与えると、サムライは刀を振ってターゲットを3回切りつけ、大きなダメージを与えます。,"प्रभाव पड़ने पर, समुराई लक्ष्य को तीन बार काटने के लिए अपनी तलवार चलाता है, जिससे भारी क्षति होती है।","При ударі самурай змахує мечем, щоб тричі розсікти ціль, завдаючи величезної шкоди.","All'impatto, il Samurai agita la sua spada per colpire il bersaglio tre volte, infliggendo danni enormi.",
ui_hero_samurai_skill_name,Triple Slash,Liên Trảm,Corte Triplo,Üçlü Kesik,Dreifach-Hieb,Triple Entaille,Tebasan Tiga,Corte Triple,Тройной удар,트리플 슬래시,トリプルスラッシュ,तिहरा वार,Потрійний розріз,Taglio Triplo,
ui_hero_thunder_atk,Attack,Sát Thương,Atacar,Saldırı,Angriff,Attaque,Serang,Atacar,Атака,공격,攻撃,हमला,Атака,Attacco,
ui_hero_thunder_name,Thunder,Thần Sấm,Trovão,Gök gürültüsü,Donner,Tonnerre,Guntur,Trueno,Гром,천둥,雷鳴,गर्जन,Грім,Tuono,
ui_hero_thunder_skill_des,"Primary hits discharge sparks, bouncing to strike random nearby targets.","Đòn đánh chính phóng tia lửa điện, nảy sang tấn công các mục tiêu ngẫu nhiên lân cận.","Acertos primários soltam faíscas, ricocheteando para atingir alvos próximos aleatórios.","Temel vuruşlar kıvılcım saçar, yakındaki rastgele hedeflere çarpmak üzere seker.","Primärtreffer entladen Funken, die abspringen und zufällige Ziele in der Nähe treffen.",Les coups principaux libèrent des étincelles qui rebondissent pour frapper des cibles aléatoires à proximité.,"Serangan utama mengeluarkan percikan api, memantul untuk mengenai target acak di sekitar.",Los golpes primarios emiten chispas que rebotan para golpear a objetivos cercanos aleatorios.,"Основные удары выпускают искры, которые отскакивают и поражают случайные ближайшие цели.","기본 공격 시 불꽃이 발생하며, 근처의 무작위 적에게 튕겨 나갑니다.",基本攻撃で火花が散り、近くのランダムなターゲットに跳ね返ります。,"प्राथमिक हिट्स चिंगारी छोड़ते हैं, जो पास के यादृच्छिक लक्ष्यों पर हमला करने के लिए उछलते हैं।","Основні удари випускають іскри, що відскакують і вражають випадкові цілі поблизу.","I colpi primari emettono scintille, rimbalzando per colpire bersagli casuali vicini.",
ui_hero_thunder_skill_name,Arc Lightning,Sét Liên Hoàn,Relâmpago em Arco,Ark Şimşeği,Lichtbogenblitz,Éclair en arc,Petir Busur,Relámpago de arco,Дуговая молния,아크 라이트닝,アークライトニング,आर्क लाइटनिंग,Дугова блискавка,Fulmine ad arco,
ui_hero_unlock_feature,"Heroes are locked until <color=""yellow"">Timeline {0}</color>","Anh Hùng mở khóa tại <color=""yellow"">Dòng thời gian {0}</color>","Os heróis ficam bloqueados até a <color=""yellow"">Linha do Tempo {0}","Kahramanlar <color=""yellow"">Zaman Çizelgesi {0} aşamasına kadar kilitlidir","Helden sind bis zur <color=""yellow"">Zeitlinie {0} gesperrt","Les héros sont verrouillés jusqu'à la <color=""yellow"">chronologie {0}","Pahlawan terkunci hingga <color=""yellow"">Lini Masa {0}","Los héroes están bloqueados hasta la <color=""yellow"">línea temporal {0}","Герои заблокированы до <color=""yellow"">временной шкалы {0}","영웅은 <color=""yellow"">타임라인 {0}까지 잠겨 있습니다","ヒーローは <color=""yellow"">タイムライン {0} までロックされています","हीरो <color=""yellow"">टाइमलाइन {0} तक लॉक रहते हैं","Герої заблоковані до <color=""yellow"">часової шкали {0}","Gli eroi sono bloccati fino alla <color=""yellow"">linea temporale {0}",
ui_hero_unlock_hero,Require <color=#F2F14C>{0}</color>,Yêu Cầu <color=#F2F14C>{0}</color>,Requer <color=#F2F14C>{0}</color>,<color=#F2F14C>{0}</color> Gerekli,<color=#F2F14C>{0}</color> erforderlich,<color=#F2F14C>{0}</color> requis,Membutuhkan <color=#F2F14C>{0}</color>,Requiere <color=#F2F14C>{0}</color>,Требуется <color=#F2F14C>{0}</color>,<color=#F2F14C>{0}</color> 필요,<color=#F2F14C>{0}</color>が必要,<color=#F2F14C>{0}</color> आवश्यक है,Потрібно <color=#F2F14C>{0}</color>,Richiede <color=#F2F14C>{0}</color>,
ui_hero_unlock_hero_offer,Unlock Hero,Mở Khóa Anh Hùng,Desbloquear Herói,Kahramanın Kilidini Aç,Held freischalten,Débloquer le héros,Buka Kunci Pahlawan,Desbloquear héroe,Разблокировать героя,영웅 잠금 해제,ヒーローを解放,हीरो अनलॉक करें,Розблокувати героя,Sblocca eroe,
ui_hero_upgrade,Upgrade,Nâng cấp,Melhorar,Yükselt,Upgrade,Améliorer,Tingkatkan,Mejorar,Улучшить,업그레이드,アップグレード,अपग्रेड,Покращити,Migliora,
ui_ingame_collect_area,Collect Area,Khu Nâng Cấp,Área de Coleta,Toplama Alanı,Sammelbereich,Zone de collecte,Area Pengumpulan,Área de recolección,Зона сбора,수집 범위,回収エリア,संग्रह क्षेत्र,Зона збору,Area di raccolta,
ui_ingame_fire_range,Fire Range,TẦM BẮN,Alcance de Tiro,Ateş Menzili,Feuerreichweite,Portée de tir,Jarak Tembak,Alcance de tiro,Дальность стрельбы,사거리,射程距離,फायर रेंज,Дальність стрільби,Gittata di fuoco,
ui_ingame_fire_rate,Fire Rate,TỐC BẮN,Taxa de Disparo,Atış Hızı,Feuerrate,Cadence de tir,Laju Tembakan,Cadencia de fuego,Скорострельность,발사 속도,連射速度,फायर रेट,Швидкострільність,Cadenza di tiro,
ui_ingame_level,Level,Cấp độ,Nível,Seviye,Level,Niveau,Level,Nivel,Уровень,레벨,レベル,स्तर,Рівень,Livello,
ui_ingame_new_timeline,NEW TIMELINE,DÒNG THỜI GIAN MỚI,NOVA LINHA DO TEMPO,YENİ ZAMAN ÇİZELGESİ,NEUE ZEITLINIE,NOUVELLE LIGNE TEMPORELLE,LINIMASA BARU,NUEVA LÍNEA DE TIEMPO,НОВАЯ ХРОНОЛОГИЯ,새로운 타임라인,新しいタイムライン,नई समयरेखा,НОВА ЧАСОВА ШКАЛА,NUOVA LINEA TEMPORALE,
ui_mainmenu_bonuscard,ADD TROOP,THÊM LÍNH,ADICIONAR SOLDADOS,ASKER EKLE,SOLDATEN HINZUFÜGEN,AJOUTER DES SOLDATS,TAMBAH TENTARA,AÑADIR SOLDADOS,ДОБАВИТЬ СОЛДАТ,병사 추가,兵士を追加,सैनिक जोड़ें,ДОДАТИ СОЛДАТІВ,AGGIUNGI SOLDATI,
ui_mainmenu_capacity,CAPACITY,SỨC CHỨA,CAPACIDADE,KAPASİTE,KAPAZITÄT,CAPACITÉ,KAPASITAS,CAPACIDAD,ЕМКОСТЬ,용량,容量,क्षमता,МІСТКІСТЬ,CAPACITÀ,
ui_mainmenu_double_card, +2 TROOP, +2 LÍNH, +2 SOLDADOS, +2 ASKER, +2 SOLDATEN, +2 SOLDATS, +2 TENTARA, +2 SOLDADOS, +2 СОЛДАТА, +2 병사, +2 兵士, +2 सैनिक, +2 СОЛДАТИ, +2 SOLDATI,
ui_mainmenu_economy,ECONOMY,THU NHẬP,ECONOMIA,EKONOMİ,WIRTSCHAFT,ÉCONOMIE,EKONOMI,ECONOMÍA,ЭКОНОМИКА,경제,経済,अर्थव्यवस्था,ЕКОНОМІКА,ECONOMIA,
ui_mainmenu_era1,Paleolithic Era,Kỷ Đồ Đá,Era Paleolítica,Paleolitik Çağ,Paläolithikum,Ère paléolithique,Era Paleolitikum,Era Paleolítica,Палеолит,구석기 시대,旧石器時代,पुरापाषाण काल,Палеоліт,Era paleolitica,
ui_mainmenu_era10,Galactic Era,Thời Đại Vũ Trụ,Era Galáctica,Galaktik Çağ,Galaktische Ära,Ère galactique,Era Galaksi,Era Galáctica,Галактическая эра,은하 시대,銀河時代,गैलेक्टिक युग,Галактична ера,Era galattica,
ui_mainmenu_era11,Viking Era,Thời Đại Viking,Era Viking,Viking Çağı,Wikingerzeit,Ère Viking,Zaman Viking,Era vikinga,Эпоха викингов,바이킹 시대,バイキング時代,वाइकिंग युग,Епоха вікінгів,Epoca vichinga,
ui_mainmenu_era12,Dynasty Era,Thời Đại Tam Quốc,Era das Dinastias,Hanedanlık Dönemi,Dynastie-Ära,Ère des dynasties,Era Dinasti,Era de las dinastías,Эпоха династий,왕조 시대,王朝時代,राजवंश युग,Епоха династій,Era delle dinastie,
ui_mainmenu_era13,Pirate Era,Thời Đại Cướp Biển,Era dos Piratas,Korsan Çağı,Piratenära,Ère des pirates,Era Bajak Laut,Era de los piratas,Эпоха пиратов,해적 시대,海賊時代,समुद्री लुटेरों का युग,Епоха піратів,Era dei pirati,
ui_mainmenu_era14,Sorcerer Era,Thời Đại Pháp Thuật,Era dos Feiticeiros,Büyücü Çağı,Ära der Zauberer,Ère des Sorciers,Era Penyihir,Era de los Hechiceros,Эпоха магов,마법사의 시대,魔術師の時代,जादूगर युग,Епоха чарівників,Era degli stregoni,
ui_mainmenu_era15,Techno Era,Thời Đại Công Nghệ,Era Techno,Tekno Çağı,Techno-Ära,Ère Techno,Era Tekno,Era Techno,Эра Техно,테크노 시대,テクノ時代,टेक्नो युग,Ера техно,Era Techno,
ui_mainmenu_era16,Hunter Era,Thời Đại Thợ Săn,Era dos Caçadores,Avcı Çağı,Ära der Jäger,Ère des Chasseurs,Era Pemburu,Era de Cazadores,Эпоха охотников,헌터 에라,ハンター・エラ,शिकारी युग,Епоха мисливців,Era dei cacciatori,
ui_mainmenu_era17,Farmer Era,Thời Đại Nông Dân,Era dos Fazendeiros,Çiftçi Çağı,Ära der Bauern,L'ère des agriculteurs,Era Petani,Era de los granjeros,Эпоха фермеров,농부의 시대,農民の時代,किसान युग,Епоха фермерів,L'era dei contadini,
ui_mainmenu_era18,Underground Era,Thời Đại Thế Giới Ngầm,Era Subterrânea,Yeraltı Çağı,Untergrund-Ära,Ère souterraine,Era Bawah Tanah,Era subterránea,Подземная эра,지하 시대,地下時代,भूमिगत युग,Ера підземелля,Era sotterranea,
ui_mainmenu_era19,Mechanical Era,Thời Đại Cơ Khí,Era Mecânica,Mekanik Çağ,Mechanische Ära,Ère Mécanique,Era Mekanik,Era Mecánica,Механическая эра,기계 시대,機械時代,यांत्रिक युग,Механічна ера,Era Meccanica,
ui_mainmenu_era2,Middle Era,Kỷ Trung Cổ,Era Média,Orta Çağ,Mittelalter,Ère médiévale,Era Pertengahan,Era Media,Средневековье,중세 시대,中世,मध्य युग,Середньовіччя,Era medievale,
ui_mainmenu_era20,VR/AR Era,Thời Đại Thực Tế Ảo,Era VR/AR,VR/AR Çağı,VR/AR-Ära,Ère VR/AR,Era VR/AR,Era VR/AR,Эра VR/AR,VR/AR 시대,VR/AR時代,VR/AR युग,Ера VR/AR,Era VR/AR,
ui_mainmenu_era21,Babylon Era,Thời Đại Babylon,Era da Babilônia,Babil Dönemi,Babylonische Ära,Ère babylonienne,Era Babilonia,Era de Babilonia,Эпоха Вавилона,바빌론 시대,バビロン時代,बेबीलोन युग,Епоха Вавилону,Era di Babilonia,
ui_mainmenu_era22,Atlantis Era,Thời Đại Atlantis,Era de Atlântida,Atlantis Devri,Atlantis-Ära,Ère d'Atlantis,Era Atlantis,Era de la Atlántida,Эпоха Атлантиды,아틀란티스 시대,アトランティス時代,अटलांटिस युग,Епоха Атлантиди,Era di Atlantide,
ui_mainmenu_era23,Frostpunk Era,Thời Đại Băng Giá,Era Frostpunk,Frostpunk Devri,Frostpunk-Ära,Ère Frostpunk,Era Frostpunk,Era Frostpunk,Эпоха Frostpunk,프로스트펑크 시대,フロストパンク時代,फ्रॉस्टपंक युग,Епоха Frostpunk,Era Frostpunk,
ui_mainmenu_era24,Post-Apocalypse Era,Thời Đại Hậu Tận Thế,Era Pós-Apocalipse,Kıyamet Sonrası Çağı,Postapokalyptische Ära,Ère post-apocalyptique,Era Pasca-Apokaliptik,Era postapocalíptica,Постапокалиптическая эра,포스트 아포칼립스 시대,ポストアポカリプス時代,पोस्ट-अपोकैलिप्स युग,Постапокаліптична ера,Era post-apocalittica,
ui_mainmenu_era25,Superheroes Era,Thời Đại Siêu Anh Hùng,Era dos Super-heróis,Süper Kahramanlar Dönemi,Ära der Superhelden,L'ère des super-héros,Era Pahlawan Super,Era de los Superhéroes,Эра супергероев,슈퍼히어로 시대,スーパーヒーローの時代,सुपरहीरो युग,Ера супергероїв,L'era dei supereroi,
ui_mainmenu_era3,Industrial Era,Kỷ Công Nghiệp,Era Industrial,Endüstri Çağı,Industriezeitalter,Ère industrielle,Era Industri,Era Industrial,Индустриальная эпоха,산업 시대,産業時代,औद्योगिक युग,Індустріальна епоха,Era industriale,
ui_mainmenu_era4,Modern Era,Kỷ Hiện Đại,Era Moderna,Modern Çağ,Moderne,Ère moderne,Era Modern,Era Moderna,Новое время,현대 시대,現代,आधुनिक युग,Сучасна епоха,Era moderna,
ui_mainmenu_era5,Cyber Era,Kỷ Tương Lai,Era Cibernética,Siber Çağ,Cyber-Ära,Ère cyber,Era Siber,Era Cíber,Киберэпоха,사이버 시대,サイバー時代,사이बर युग,Кіберепоха,Era cyber,
ui_mainmenu_era6,Nile Era,Thời Đại Ai Cập,Era do Nilo,Nil Çağı,Nil-Ära,Ère du Nil,Era Nil,Era del Nilo,Эпоха Нила,나일 시대,ナイル時代,नील युग,Епоха Нілу,Era del Nilo,
ui_mainmenu_era7,Legion Era,Thời Đại La Mã,Era da Legião,Lejyon Çağı,Legions-Ära,Ère de la Légion,Era Legiun,Era de la Legión,Эра Легиона,군단 시대,レギオンの時代,लीजन युग,Ера Легіону,Era della Legione,
ui_mainmenu_era8,Shogun Era,Thời Đại Mạc Phủ,Era Shogun,Şogun Dönemi,Shogun-Ära,Ère Shogun,Era Shogun,Era Shogun,Эпоха сёгунов,쇼군 시대,将軍時代,शोगुन युग,Епоха сьоґунів,Era Shogun,
ui_mainmenu_era9,Diesel Era,Thời Đại Thế Chiến,Era do Diesel,Dizel Dönemi,Diesel-Ära,Ère du Diesel,Era Diesel,Era del Diésel,Эра дизеля,디젤 시대,ディーゼル時代,डीजल युग,Ера дизеля,Era del Diesel,
ui_mainmenu_full_energy,Energy Station,Trạm Năng Lượng,Estação de Energia,Enerji İstasyonu,Energiestation,Station d'énergie,Stasiun Energi,Estación de Energía,Энергетическая станция,에너지 스테이션,エネルギーステーション,ऊर्जा स्टेशन,Енергетична станція,Stazione Energetica,
ui_mainmenu_level,Level {0},Màn {0},Nível {0},Seviye {0},Level {0},Niveau {0},Level {0},Nivel {0},Уровень {0},레벨 {0},レベル {0},स्तर {0},Рівень {0},Livello {0},
ui_mainmenu_out_energy,Out Of Energy,Hết Năng Lượng,Sem energia,Enerji Bitti,Keine Energie mehr,Plus d'énergie,Kehabisan Energi,Sin energía,Закончилась энергия,에너지 부족,エネルギー不足,ऊर्जा खत्म,Скінчилася енергія,Energia esaurita,
ui_mainmenu_powerup,POWER UP,SỨC MẠNH,POWER UP,GÜÇLENDİRME,POWER-UP,POWER UP,POWER UP,MEJORA,УСИЛЕНИЕ,파워업,パワーアップ,पावर अप,ПОКРАЩЕННЯ,POTENZIAMENTO,
ui_mainmenu_refill,Recharge Yourself!,Hồi Phục Ngay!,Recarregue-se!,Kendini Yenile!,Lade dich auf!,Rechargez-vous !,Isi Ulang Dirimu!,¡Recárgate!,Зарядись!,재충전하세요!,自分をチャージしよう！,खुद को रिचार्ज करें!,Зарядись!,Ricaricati!,
ui_mainmenu_switch_hero,Switch Hero,Đổi Anh Hùng,Trocar herói,Kahramanı Değiştir,Held wechseln,Changer de héros,Ganti Hero,Cambiar héroe,Сменить героя,영웅 교체,ヒーローを切り替える,हीरो बदलें,Змінити героя,Cambia eroe,
ui_mainmenu_timeline,Timeline {0},Dòng Thời Gian {0},Linha do Tempo {0},Zaman Çizelgesi {0},Zeitlinie {0},Chronologie {0},Timeline {0},Línea de tiempo {0},Хронология {0},타임라인 {0},タイムライン {0},टाइमलाइन {0},Хронологія {0},Cronologia {0},
ui_maxlevel,MAX LEVEL,CẤP TỐI ĐA,NÍVEL MÁXIMO,MAKSİMUM SEVİYE,MAX. LEVEL,NIVEAU MAX,LEVEL MAKSIMAL,NIVEL MÁXIMO,МАКС. УРОВЕНЬ,최고 레벨,最大レベル,अधिकतम स्तर,МАКС. РІВЕНЬ,LIVELLO MASSIMO,
ui_newfeature,New Feature,Tính năng mới,Novo recurso,Yeni Özellik,Neue Funktion,Nouvelle fonctionnalité,Fitur Baru,Nueva función,Новая функция,새로운 기능,新機能,नई सुविधा,Нова функція,Nuova funzione,
ui_no_ads,No Available Ads,Quảng cáo không có sẵn,Nenhum anúncio disponível,Kullanılabilir reklam yok,Keine verfügbaren Anzeigen,Aucune publicité disponible,Tidak ada iklan yang tersedia,No hay anuncios disponibles,Нет доступных объявлений,사용 가능한 광고 없음,利用可能な広告はありません,कोई विज्ञापन उपलब्ध नहीं है,Немає доступних оголошень,Nessun annuncio disponibile,
ui_no_internet,No network connection,Không có kết nối mạng,Sem conexão,Ağ yok,Keine Verbindung,Pas de réseau,Tidak ada jaringan,Sin conexión,Нет сети,네트워크 없음,ネット未接続,नेटवर्क नहीं है,Немає мережі,Nessuna connessione di rete,
ui_noads,No ads,Xóa QC,Sem anúncios,Reklam yok,Keine Werbung,Sans pub,Tanpa iklan,Sin anuncios,Без рекламы,광고 없음,広告なし,कोई विज्ञापन नहीं,Без реклами,Senza pubblicità,
ui_notify_nopurchase,You have not made any purchases to restore.,Bạn chưa thực hiện giao dịch nào để khôi phục.,Você não fez nenhuma compra para restaurar.,Herhangi bir geri yüklenecek satın alma bulunamadı.,Sie haben keine Käufe zum Wiederherstellen.,Vous n'avez effectué aucun achat à restaurer.,Anda belum melakukan pembelian apa pun untuk dipulihkan.,No has realizado ninguna compra para restaurar.,У вас нет покупок для восстановления.,복원할 구매 항목이 없습니다.,復元する購入履歴がありません。,आपने पुनर्स्थापित करने के लिए कोई खरीदारी नहीं की है।,У вас немає покупок для відновлення.,Non hai effettuato alcun acquisto da ripristinare.,
ui_notify_restorefail,Purchase was previously rolled back,Giao dịch mua trước đó đã bị hoàn tác,A compra foi revertida anteriormente,Satın alma işlemi daha önce geri alındı,Der Kauf wurde zuvor rückgängig gemacht,L'achat a été annulé précédemment,Pembelian sebelumnya telah dibatalkan,La compra fue revertida anteriormente,Покупка была ранее отменена,이전에 구매가 롤백되었습니다,購入は以前にロールバックされました,खरीद को पहले ही वापस ले लिया गया था,Покупку було раніше скасовано,L'acquisto è stato annullato in precedenza,
ui_notify_restoresuccess,Restore successful!,Khôi phục thành công!,Restaurado com sucesso!,Geri yükleme başarılı!,Wiederherstellung erfolgreich!,Restauration réussie !,Berhasil dipulihkan!,¡Restauración exitosa!,Восстановление успешно!,복원 성공!,復元に成功しました！,पुनर्स्थापन सफल!,Відновлення успішне!,Ripristino riuscito!,
ui_purchase_fail,Purchase Failed,Thanh toán thất bại,Falha na compra,Satın alma başarısız,Kauf fehlgeschlagen,Achat échoué,Pembelian gagal,Compra fallida,Покупка не удалась,구매 실패,購入に失敗しました,खरीद विफल,Покупка не вдалася,Acquisto non riuscito,
ui_purchase_false2,Purchase Failed,Xác minh thất bại,Falha na compra,Satın alma başarısız,Kauf fehlgeschlagen,Achat échoué,Pembelian gagal,Compra fallida,Покупка не удалась,구매 실패,購入に失敗しました,खरीद विफल,Покупка не вдалася,Acquisto non riuscito,
ui_retry,Retry,Thử lại,Tentar novamente,Yeniden dene,Erneut versuchen,Réessayer,Coba lagi,Reintentar,Повторить,다시 시도,再試行,पुनः प्रयास करें,Спробувати ще раз,Riprova,
ui_setting_haptic,Haptic,Rung,Háptico,Dokunsal,Haptik,Haptique,Haptik,Háptico,Виброотклик,햅틱,触覚,हैप्टिक,Вібровідгук,Feedback aptico,
ui_setting_off,Off,Tắt,Desligado,Kapalı,Aus,Désactivé,Mati,Desactivado,Выкл.,끄기,オフ,बंद,Вимк.,Off,
ui_setting_on,On,Bật,Ligado,Açık,An,Activé,Aktif,Activado,Вкл.,켬,オン,चालू,Увімк.,On,
ui_setting_policy_content,Do you want to read the privacy policy?,Bạn muốn đọc chính sách bảo mật?,Quer ler a política de privacidade?,Gizlilik politikasını okumak ister misiniz?,Möchten Sie die Datenschutzerklärung lesen?,Voulez-vous lire la politique de confidentialité?,Apakah Anda ingin membaca kebijakan privasi?,¿Quieres leer la política de privacidad?,Хотите прочитать политику конфиденциальности?,개인정보 보호정책을 읽으시겠습니까?,プライバシーポリシーを読みますか？,क्या आप गोपनीयता नीति पढ़ना चाहते हैं?,Чи бажаєте ви прочитати політику конфіденційності?,Vuoi leggere l'informativa sulla privacy?,
ui_setting_policy_title,Privacy Policy,Chính sách bảo mật,Política de Privacidade,Gizlilik Politikası,Datenschutzrichtlinie,Politique de confidentialité,Kebijakan pribadi,Política de privacidad,Конфиденциальность,개인정보 보호 정책,プライバシーポリシー,गोपनीयता नीति,Конфіденційність,Informativa sulla privacy,
ui_setting_sound,Sound,Âm Thanh,Som,Ses,Ton,Son,Suara,Sonido,Звук,소리,サウンド,आवाज़,Звук,Suono,
ui_skip_des,Are you sure you want to skip the tutorial?,Bạn chắc chắn muốn bỏ qua hướng dẫn này chứ?,Tem certeza que deseja pular o tutorial?,Eğitimi atlamak istediğinizden emin misiniz?,"Sind Sie sicher, dass Sie das Tutorial überspringen möchten?",Voulez-vous vraiment ignorer le didacticiel ?,Apakah Anda yakin ingin melewatkan tutorial?,¿Estás seguro de que quieres saltar el tutorial?,"Вы уверены, что хотите пропустить обучение?",튜토리얼을 건너뛰시겠습니까?,チュートリアルをスキップしてもよろしいですか？,क्या आप वाकई ट्यूटोरियल छोड़ना चाहते हैं?,"Ви впевнені, що хочете пропустити навчання?",Sei sicuro di voler saltare il tutorial?,
ui_skip_title,SKIP TUTORIAL,BỎ QUA HƯỚNG DẪN,PULAR TUTORIAL,EĞİTİMİ ATLA,TUTORIAL ÜBERSPRINGEN,PASSER LE TUTORIEL,LEWATI TUTORIAL,SALTAR TUTORIAL,ПРОПУСТИТЬ ОБУЧЕНИЕ,튜토리얼 건너뛰기,チュートリアルをスキップ,ट्यूटोरियल छोड़ें,ПРОПУСТИТИ НАВЧАННЯ,SALTA IL TUTORIAL,
ui_taptostart,Tap to start,Bấm để bắt đầu,Toque para começar,Başlamak için dokun,Zum Starten tippen,Appuyez pour commencer,Ketuk untuk memulai,Toca para empezar,"Нажмите, чтобы начать",시작하려면 탭하세요,タップして開始,शुरू करने के लिए टैप करें,"Торкніться, щоб почати",Tocca per iniziare,
ui_timeline_clear,Clear!,Xong!,Limpar!,Temizle!,Löschen!,Effacer !,Bersihkan!,¡Borrar!,Очистить!,클리어!,クリア！,साफ़!,Очистити!,Cancella!,
ui_timeline_next,Next!,Tiếp theo!,Próximo!,Sıradaki!,Nächster!,Suivant !,Berikutnya!,¡Siguiente!,Следующий!,다음!,次！,अगला!,Наступний!,Prossimo!,
ui_tutorial_firegate,SHOOT TO INCREASE FIRE RATE,BẮN ĐỂ TĂNG TỐC ĐỘ BẮN,ATIRE PARA AUMENTAR A VELOCIDADE DE DISPARO,ATIŞ HIZINI ARTIRMAK İÇİN ATEŞ ET,"SCHIESSEN, UM FEUERRATE ZU ERHÖHEN",TIREZ POUR AUGMENTER LA CADENCE DE TIR,TEMBAK UNTUK MENINGKATKAN LAJU TEMBAKAN,DISPARA PARA AUMENTAR LA CADENCIA,"СТРЕЛЯЙТЕ, ЧТОБЫ УВЕЛИЧИТЬ СКОРОСТРЕЛЬНОСТЬ",발사하여 발사 속도 증가,撃って連射速度を上げる,फायर रेट बढ़ाने के लिए शूट करें,"СТРІЛЯЙТЕ, ЩОБ ЗБІЛЬШИТИ ШВИДКОСТРІЛЬНІСТЬ",SPARA PER AUMENTARE LA CADENZA DI TIRO,
ui_tutorial_maxrange,MAX RANGE,TẦM BẮN TỐI ĐA,ALCANCE MÁXIMO,MAKSİMUM MENZİL,MAXIMALE REICHWEITE,PORTÉE MAXIMALE,JANGKAUAN MAKSIMAL,ALCANCE MÁXIMO,МАКСИМАЛЬНАЯ ДАЛЬНОСТЬ,최대 사거리,最大射程,अधिकतम सीमा,МАКСИМАЛЬНА ДАЛЬНІСТЬ,PORTATA MASSIMA,
ui_tutorial_pillar,SHOOT TO GAIN CAPACITY,BẮN ĐỂ TĂNG SỨC CHỨA,ATIRE PARA GANHAR CAPACIDADE,KAPASİTE KAZANMAK İÇİN ATEŞ ET,"SCHIESSEN, UM KAPAZITÄT ZU ERHALTEN",TIREZ POUR GAGNER DE LA CAPACITÉ,TEMBAK UNTUK MENDAPATKAN KAPASITAS,DISPARA PARA GANAR CAPACIDAD,"СТРЕЛЯЙТЕ, ЧТОБЫ УВЕЛИЧИТЬ ЕМКОСТЬ",발사하여 용량 획득,撃って容量を獲得,क्षमता पाने के लिए शूट करें,"СТРІЛЯЙТЕ, ЩОБ ОТРИМАТИ МІСТКІСТЬ",SPARA PER GUADAGNARE CAPACITÀ,
ui_tutorial_unit,SHOOT TO LEVEL UP,BẮN ĐỂ NÂNG CẤP,ATIRE PARA SUBIR DE NÍVEL,SEVİYE ATLAMAK İÇİN ATEŞ ET,SCHIESSEN FÜR LEVEL-UP,TIREZ POUR MONTER DE NIVEAU,TEMBAK UNTUK NAIK LEVEL,DISPARA PARA SUBIR DE NIVEL,"СТРЕЛЯЙТЕ, ЧТОБЫ ПОВЫСИТЬ УРОВЕНЬ",발사하여 레벨 업,撃ってレベルアップ,लेवल बढ़ाने के लिए शूट करें,"СТРІЛЯЙТЕ, ЩОБ ПІДВИЩИТИ РІВЕНЬ",SPARA PER SALIRE DI LIVELLO,
ui_unequip,unequip,Tháo bỏ,Desequipar,Çıkar,Ablegen,Déséquiper,Lepas,Desequipar,Снять,장착 해제,装備解除,हटाएँ,Зняти,Rimuovi,
ui_unlock_feature,<size=80>{0}</size> are unlocked at <color=#F2F14C>{1}</color>,<size=80>{0}</size> được mở khóa tại <color=#F2F14C>{1}</color>,<size=80>{0}</size> são desbloqueados em <color=#F2F14C>{1}</color>,"<size=80>{0}</size>, <color=#F2F14C>{1}</color> seviyesinde açılır",<size=80>{0}</size> werden bei <color=#F2F14C>{1}</color> freigeschaltet,<size=80>{0}</size> sont débloqués à <color=#F2F14C>{1}</color>,<size=80>{0}</size> terbuka di <color=#F2F14C>{1}</color>,<size=80>{0}</size> se desbloquean en <color=#F2F14C>{1}</color>,<size=80>{0}</size> разблокируются на <color=#F2F14C>{1}</color>,<size=80>{0}</size>은(는) <color=#F2F14C>{1}</color>에서 해제됩니다,<size=80>{0}</size>は<color=#F2F14C>{1}</color>でアンロックされます,<size=80>{0}</size> <color=#F2F14C>{1}</color> पर अनलॉक होते हैं,<size=80>{0}</size> розблоковуються на <color=#F2F14C>{1}</color>,<size=80>{0}</size> si sbloccano a <color=#F2F14C>{1}</color>,
watch_ads,Watch Ads,XEM QUẢNG CÁO,Assistir a anúncios,Reklam İzle,Werbung ansehen,Regarder des publicités,Tonton Iklan,Ver anuncios,Смотреть рекламу,광고 시청,広告を見る,विज्ञापन देखें,Дивитися рекламу,Guarda gli annunci,
ui_shop_active_for,Active for <color=yellow>{0} days,Tồn tại trong <color=yellow>{0} ngày,Ativo por <color=yellow>{0} dias,<color=yellow>{0} gün boyunca aktif,Aktiv für <color=yellow>{0} Tage,Actif pendant <color=yellow>{0} jours,Aktif selama <color=yellow>{0} hari,Activo durante <color=yellow>{0} días,Активен в течение <color=yellow>{0} дней,<color=yellow>{0}일 동안 활성화,<color=yellow>{0}日間有効,<color=yellow>{0} दिनों के लिए सक्रिय,Активний протягом <color=yellow>{0} днів,Attivo per <color=yellow>{0} giorni,
ui_shop_day_left,Day Left: <color=#0DE3F4>{0} Days!,Ngày còn lại: <color=#0DE3F4>{0} ngày!,Dias restantes: <color=#0DE3F4>{0} dias!,Kalan Gün: <color=#0DE3F4>{0} Gün!,Verbleibende Tage: <color=#0DE3F4>{0} Tage!,Jour restant : <color=#0DE3F4>{0} jours !,Hari Tersisa: <color=#0DE3F4>{0} Hari!,Días restantes: <color=#0DE3F4>{0} días!,Осталось дней: <color=#0DE3F4>{0} дн.!,남은 일수: <color=#0DE3F4>{0}일!,残り日数：<color=#0DE3F4>{0}日!,शेष दिन: <color=#0DE3F4>{0} दिन!,Залишилося днів: <color=#0DE3F4>{0} дн.!,Giorni rimasti: <color=#0DE3F4>{0} giorni!,
ui_shop_card_grace_title,GRACE CARD,THẺ CHÚC PHÚC,CARTÃO DE GRAÇA,LÜTUF KARTI,GNADENKARTE,CARTE DE GRÂCE,KARTU ANUGERAH,TARJETA DE GRACIA,КАРТА БЛАГОДАТИ,은혜 카드,グレースカード,ग्रेस कार्ड,КАРТА БЛАГОДАТІ,CARTA DELLA GRAZIA,
ui_shop_card_grace_des1,Active each Grace with <color=#0ABF15>NO ADS</color> once per day,Kích hoạt mỗi Chúc Phúc <color=#0ABF15>KHÔNG QUẢNG CÁO</color> một lần mỗi ngày,Ative cada Graça <color=#0ABF15>SEM ANÚNCIOS</color> uma vez por dia,Her Lütfu günde bir kez <color=#0ABF15>REKLAMSIZ</color> etkinleştirin,Aktiviere jede Gnade einmal täglich <color=#0ABF15>OHNE WERBUNG</color>,Activez chaque Grâce <color=#0ABF15>SANS PUBLICITÉ</color> une fois par jour,Aktifkan setiap Grace <color=#0ABF15>TANPA IKLAN</color> sekali sehari,Activa cada Gracia <color=#0ABF15>SIN ANUNCIOS</color> una vez al día,Активируйте каждую Благодать <color=#0ABF15>БЕЗ РЕКЛАМЫ</color> один раз в день,매일 한 번씩 <color=#0ABF15>광고 없이</color> 각 은총을 활성화하세요,毎日1回、<color=#0ABF15>広告なし</color>で各恩寵を有効にします,प्रत्येक अनुग्रह को दिन में एक बार <color=#0ABF15>बिना किसी विज्ञापन</color> के सक्रिय करें,Активуйте кожну Благодать <color=#0ABF15>БЕЗ РЕКЛАМИ</color> раз на день,Attiva ogni Grazia <color=#0ABF15>SENZA PUBBLICITÀ</color> una volta al giorno,
ui_shop_card_grace_des2,"Grace  <color=#297ECC>Crystal</color><sprite name=""gem""> decrease: <color=#0ABF15>{0}%</color>","Giá Chúc Phúc <color=#297ECC>Tinh Thể</color><sprite name=""gem""> giảm: <color=#0ABF15>{0}%</color>","Diminuição de <color=#297ECC>Cristal</color><sprite name=""gem""> de Graça: <color=#0ABF15>{0}%</color>","Grace <color=#297ECC>Kristal</color><sprite name=""gem""> azalması: <color=#0ABF15>{0}%</color>","Grace- <color=#297ECC>Kristall</color><sprite name=""gem"">-Abnahme: <color=#0ABF15>{0}%</color>","Diminution du <color=#297ECC>Cristal</color><sprite name=""gem""> de Grâce : <color=#0ABF15>{0}%</color>","Penurunan <color=#297ECC>Kristal</color><sprite name=""gem""> Grace: <color=#0ABF15>{0}%</color>","Disminución de <color=#297ECC>Cristal</color><sprite name=""gem""> de Gracia: <color=#0ABF15>{0}%</color>","Уменьшение <color=#297ECC>кристалла</color><sprite name=""gem""> благодати: <color=#0ABF15>{0}%</color>","그레이스 <color=#297ECC>크리스탈</color><sprite name=""gem""> 감소: <color=#0ABF15>{0}%</color>","グレイス <color=#297ECC>クリスタル</color><sprite name=""gem"">減少: <color=#0ABF15>{0}%</color>","ग्रेस <color=#297ECC>क्रिस्टल</color><sprite name=""gem""> में कमी: <color=#0ABF15>{0}%</color>","Зменшення <color=#297ECC>кристала</color><sprite name=""gem""> благодаті: <color=#0ABF15>{0}%</color>","Riduzione <color=#297ECC>Cristallo</color><sprite name=""gem""> di Grazia: <color=#0ABF15>{0}%</color>",
ui_shop_card_grace_des3,Grace XP fill <color=#FF9600>PER ACTIVATION</color>,Kinh nghiệm Chúc Phúc nhận được <color=#FF9600>MỖI LẦN KÍCH HOẠT</color>,Preenchimento de XP de Graça <color=#FF9600>POR ATIVAÇÃO</color>,Lütuf TP dolumu <color=#FF9600>ETKİNLEŞTİRME BAŞINA</color>,Gnaden-EP-Füllung <color=#FF9600>PRO AKTIVIERUNG</color>,Remplissage d'EXP de Grâce <color=#FF9600>PAR ACTIVATION</color>,Pengisian XP Grace <color=#FF9600>PER AKTIVASI</color>,Carga de PE de Gracia <color=#FF9600>POR ACTIVACIÓN</color>,Заполнение опыта Благодати <color=#FF9600>ЗА АКТИВАЦИЮ</color>,은총 XP 충전량 <color=#FF9600>발동 시마다</color>,恩寵XP獲得 <color=#FF9600>発動につき</color>,ग्रेस XP वृद्धि <color=#FF9600>प्रति सक्रियता</color>,Наповнення XP Благодаті <color=#FF9600>ЗА АКТИВАЦІЮ</color>,Riempimento PE Grazia <color=#FF9600>PER ATTIVAZIONE</color>,
ui_rarity_base,Base,Cơ bản,Base,Temel,Basis,Base,Dasar,Base,База,베이스,ベース,आधार,База,Base,
ui_rarity_common,Common,Thông thường,Comum,Yaygın,Allgemein,Commun,Umum,Común,Обычный,일반,一般,सामान्य,Звичайний,Comune,
ui_rarity_unconmmon,Uncommon,Phổ biến,Incomum,Sıra dışı,Ungewöhnlich,Peu commun,Tidak biasa,Poco común,Необычный,흔치 않은,珍しい,असामान्य,Незвичайний,Non comune,
ui_rarity_rare,Rare,Hiếm,Raro,Nadir,Selten,Rare,Langka,Raro,Редкий,희귀,レア,दुर्लभ,Рідкісний,Raro,
ui_rarity_epic,Epic,Sử thi,Épico,Epik,Episch,Épique,Epik,Épico,Эпический,에픽,エピック,महाकाव्य,Епічний,Epico,
ui_rarity_legendary,Legendary,Huyền thoại,Lendário,Efsanevi,Legendär,Légendaire,Legendaris,Legendario,Легендарный,전설적인,伝説,पौराणिक,Легендарний,Leggendario,
ui_mythic,Mythic,Thần thoại,Mítico,Mitolojik,Mythisch,Mythique,Mitos,Mítico,Мифический,신화,神話,पौराणिक,Міфічний,Mitico,
ui_silverchest,Silver Chest,Rương Bạc,Baú de Prata,Gümüş Sandık,Silberne Truhe,Coffre en argent,Peti Perak,Cofre de plata,Серебряный сундук,실버 상자,シルバー宝箱,चाँदी का संदूक,Срібна скриня,Baule d'argento,
ui_silverchest_des1,Contain <color=#9A9A9A>Base</color> and  <color=#35b047>Common</color> Equipment,Chứa trang bị <color=#9A9A9A>Cơ bản</color> và <color=#35b047>Thông thường</color>,Contém Equipamentos <color=#9A9A9A>Comuns</color> e <color=#35b047>Incomuns</color>,<color=#9A9A9A>Yaygın</color> ve <color=#35b047>Sıradışı</color> Ekipman İçerir,Enthält <color=#9A9A9A>gewöhnliche</color> und <color=#35b047>ungewöhnliche</color> Ausrüstung,Contient de l'équipement <color=#9A9A9A>Commun</color> et <color=#35b047>Inhabituel</color>,Berisi Perlengkapan <color=#9A9A9A>Umum</color> dan <color=#35b047>Tidak Umum</color>,Contiene equipamiento <color=#9A9A9A>Común</color> e <color=#35b047>Inusual</color>,Содержит <color=#9A9A9A>обычное</color> и <color=#35b047>необычное</color> снаряжение,<color=#9A9A9A>일반</color> 및 <color=#35b047>고급</color> 장비 포함,<color=#9A9A9A>コモン</color>と<color=#35b047>アンコモン</color>の装備が含まれています,इसमें <color=#9A9A9A>सामान्य</color> और <color=#35b047>असामान्य</color> उपकरण शामिल हैं,Містить <color=#9A9A9A>звичайне</color> та <color=#35b047>незвичайне</color> спорядження,Contiene equipaggiamento <color=#9A9A9A>Comune</color> e <color=#35b047>Non comune</color>,
ui_silverchest_des2,"After {0} open, guaranteed <color=#{1}>Common</color> Equipment","Sau {0} lần mở, chắc chắn nhận được trang bị <color=#{1}>Thường</color>","Após {0} aberturas, Equipamento <color=#{1}>Incomum</color> garantido","{0} açılıştan sonra, garantili <color=#{1}>Sıradışı</color> Ekipman",Nach {0} Öffnungen garantiert <color=#{1}>ungewöhnliche</color> Ausrüstung,"Après {0} ouvertures, Équipement <color=#{1}>Inhabituel</color> garanti","Setelah {0} kali dibuka, dijamin mendapatkan Peralatan <color=#{1}>Tidak Umum</color>","Tras {0} aperturas, Equipo <color=#{1}>Poco común</color> garantizado",После {0} открытий гарантировано <color=#{1}>необычное</color> снаряжение,{0}회 오픈 후 <color=#{1}>고급</color> 장비 확정,{0}回開封で<color=#{1}>アンコモン</color>装備確定,"{0} बार खोलने के बाद, <color=#{1}>असामान्य</color> उपकरण की गारंटी",Після {0} відкриттів гарантовано <color=#{1}>незвичайне</color> спорядження,"Dopo {0} aperture, equipaggiamento <color=#{1}>non comune</color> garantito",
ui_goldchest,Gold Chest,Rương Vàng,Baú de Ouro,Altın Sandık,Goldtruhe,Coffre doré,Peti Emas,Cofre de oro,Золотой сундук,황금 상자,黄金の宝箱,स्वर्ण संदूक,Золота скриня,Baule d'oro,
ui_goldchest_des1,"Contain <color=#9A9A9A>Base</color>, <color=#84FF00>Common</color> and <color=#009DFF>Rare</color> Equipment","Chứa trang bị <color=#9A9A9A>Cơ bản</color> , <color=#84FF00>Thường</color> và  <color=#009DFF>Hiếm</color> ","Contém equipamentos <color=#9A9A9A>comuns</color>, <color=#84FF00>incomuns</color> e <color=#009DFF>raros</color>","<color=#9A9A9A>Yaygın</color>, <color=#84FF00>Sıra Dışı</color> ve <color=#009DFF>Nadir</color> Ekipman içerir","Enthält <color=#9A9A9A>gewöhnliche</color>, <color=#84FF00>ungewöhnliche</color> und <color=#009DFF>seltene</color> Ausrüstung","Contient de l'équipement <color=#9A9A9A>commun</color>, <color=#84FF00>peu commun</color> et <color=#009DFF>rare</color>","Berisi Perlengkapan <color=#9A9A9A>Umum</color>, <color=#84FF00>Tidak Umum</color>, dan <color=#009DFF>Langka</color>","Contiene equipo <color=#9A9A9A>común</color>, <color=#84FF00>poco común</color> y <color=#009DFF>raro</color>","Содержит <color=#9A9A9A>обычное</color>, <color=#84FF00>необычное</color> и <color=#009DFF>редкое</color> снаряжение","<color=#9A9A9A>일반</color>, <color=#84FF00>고급</color> 및 <color=#009DFF>희귀</color> 장비 포함",<color=#9A9A9A>コモン</color>、<color=#84FF00>アンコモン</color>、<color=#009DFF>レア</color>の装備が含まれています,"इसमें <color=#9A9A9A>सामान्य</color>, <color=#84FF00>असामान्य</color> और <color=#009DFF>दुर्लभ</color> उपकरण शामिल हैं","Містить <color=#9A9A9A>звичайне</color>, <color=#84FF00>незвичайне</color> та <color=#009DFF>рідкісне</color> спорядження","Contiene equipaggiamento <color=#9A9A9A>comune</color>, <color=#84FF00>non comune</color> e <color=#009DFF>raro</color>",
ui_goldchest_des2,"After {0} open, guaranteed <color=#{1}>Epic</color> Equipment","Sau {0} lần mở, chắc chắn nhận được trang bị <color=#{1}>Sử thi</color>","Após {0} aberturas, Equipamento <color=#{1}>Épico</color> garantido","{0} açılıştan sonra, garantili <color=#{1}>Epik</color> Ekipman",Nach {0} Öffnungen garantiert <color=#{1}>epische</color> Ausrüstung,"Après {0} ouvertures, Équipement <color=#{1}>Épique</color> garanti","Setelah {0} kali buka, dijamin Peralatan <color=#{1}>Epic</color>","Tras {0} aperturas, equipo <color=#{1}>Épico</color> garantizado",После {0} открытий гарантировано <color=#{1}>эпическое</color> снаряжение,{0}회 오픈 후 <color=#{1}>에픽</color> 장비 확정,{0}回オープン後、<color=#{1}>エピック</color>装備確定,"{0} बार खोलने के बाद, <color=#{1}>एपिक</color> उपकरण की गारंटी",Після {0} відкриттів гарантовано <color=#{1}>епічне</color> спорядження,"Dopo {0} aperture, Equipaggiamento <color=#{1}>Epico</color> garantito",
ui_chest_chances_des,Probability without guaranteed drops,Tỉ lệ ra trang bị khi không có cơ chế bảo hiểm,Probabilidade sem drops garantidos,Garantili düşme içermeyen olasılık,Wahrscheinlichkeit ohne garantierte Drops,Probabilité sans butins garantis,Probabilitas tanpa drop terjamin,Probabilidad sin botín garantizado,Вероятность без гарантированного выпадения,확정 드롭 없는 확률,確定ドロップなしの確率,बिना गारंटी वाले ड्रॉप के बिना प्रायिकता,Ймовірність без гарантованого випадіння,Probabilità senza drop garantiti,
ui_chest_chances,Drop Chance,Tỉ lệ ra đồ,Chance de Drop,Düşme Şansı,Drop-Chance,Chance de drop,Peluang Drop,Probabilidad de drop,Шанс выпадения,드랍 확률,ドロップ率,ड्रॉप की संभावना,Шанс випадіння,Probabilità di rilascio,
ui_chest,Chests,Rương,Baús,Sandıklar,Truhen,Coffres,Peti,Cofres,Сундуки,상자들,宝箱,संदूक,Скрині,Forzieri,
ui_free_in,Free in {0},Miễn phí sau {0},Grátis em {0},{0} içinde ücretsiz,Kostenlos in {0},Gratuit dans {0},Gratis dalam {0},Gratis en {0},Бесплатно через {0},{0} 후 무료,{0}後に無料,{0} में मुफ़्त,Безкоштовно через {0},Gratis tra {0},
ui_utility_inactive,Inactive,Chưa Kích Hoạt,Inativo,Pasif,Inaktiv,Inactif,Tidak aktif,Inactivo,Неактивен,비활성,非アクティブ,निष्क्रिय,Неактивний,Inattivo,
ui_utility_actived,Actived,Đã Kích Hoạt,Ativado,Etkinleştirildi,Aktiviert,Activé,Diaktifkan,Activado,Активировано,활성화됨,有効,सक्रिय,Активовано,Attivato,
ui_utility_unlock_1,Unlocked at <color=#F2F14C>Chapter {0}</color> <color=#F2F14C> {1}</color>,Mở khóa tại <color=#F2F14C>Chương {0}</color> <color=#F2F14C> {1}</color>,Desbloqueado no <color=#F2F14C>Capítulo {0}</color> <color=#F2F14C> {1}</color>,<color=#F2F14C>Bölüm {0}</color> <color=#F2F14C> {1}</color>'de açılır,Freigeschaltet ab <color=#F2F14C>Kapitel {0}</color> <color=#F2F14C> {1}</color>,Débloqué au <color=#F2F14C>Chapitre {0}</color> <color=#F2F14C> {1}</color>,Terbuka pada <color=#F2F14C>Bab {0}</color> <color=#F2F14C> {1}</color>,Desbloqueado en el <color=#F2F14C>Capítulo {0}</color> <color=#F2F14C> {1}</color>,Открывается в <color=#F2F14C>Главе {0}</color> <color=#F2F14C> {1}</color>,<color=#F2F14C>챕터 {0}</color> <color=#F2F14C> {1}</color>에서 해제됨,<color=#F2F14C>第{0}章</color> <color=#F2F14C> {1}</color>で解放,<color=#F2F14C>अध्याय {0}</color> <color=#F2F14C> {1}</color> पर अनलॉक,Відкривається у <color=#F2F14C>Розділі {0}</color> <color=#F2F14C> {1}</color>,Sbloccato al <color=#F2F14C>Capitolo {0}</color> <color=#F2F14C> {1}</color>,
ui_utility_level,Level {0},Cấp {0},Nível {0},Seviye {0},Level {0},Niveau {0},Level {0},Nivel {0},Уровень {0},레벨 {0},レベル {0},स्तर {0},Рівень {0},Livello {0},
ui_buff_income,Economy,Thu Nhập,Economia,Ekonomi,Wirtschaft,Économie,Ekonomi,Economía,Экономика,경제,経済,अर्थव्यवस्था,Економіка,Economia,
ui_buff_fire_rate,Fire Rate,Tốc Bắn,Cadência de Tiro,Atış Hızı,Feuerrate,Cadence de tir,Laju Tembak,Cadencia de tiro,Скорострельность,발사 속도,発射速度,मारक दर,Скорострільність,Cadenza di fuoco,
ui_buff_fire_range,Fire Range,Tầm Bắn,Alcance de disparo,Atış Menzili,Schussreichweite,Portée de tir,Jarak Tembak,Alcance de disparo,Дальность стрельбы,사거리,射程,फायरिंग रेंज,Дальність вогню,Gittata,
ui_buff_add_soldier,Add Soldier,Thêm Lính,Adicionar Soldado,Asker Ekle,Soldat hinzufügen,Ajouter un soldat,Tambah Prajurit,Añadir soldado,Добавить солдата,병사 추가,兵士を追加,सैनिक जोड़ें,Додати солдата,Aggiungi soldato,
ui_buff_crit_rate,Crit Rate,Chí Mạng,Taxa de Crítico,Kritik Oranı,Krit. Trefferchance,Taux Critique,Tingkat Kritikal,Prob. Crítico,Шанс крита,치명타 확률,会心率,क्रिट रेट,Шанс крит. удару,Tasso di critico,
ui_buff_chain_rate,Chain Rate,Tỉ Lệ Bắn Chuỗi,Taxa de Corrente,Zincir Oranı,Kettenrate,Taux de chaîne,Tingkat Rantai,Tasa de cadena,Частота цепочек,체인 비율,チェイン率,श्रृंखला दर,Коефіцієнт ланцюга,Tasso di catena,
ui_buff_chain_count,Chain Count,Số Phát Chuỗi,Contagem de correntes,Zincir sayısı,Kettenanzahl,Nombre de chaînes,Jumlah rantai,Recuento de cadenas,Количество цепочек,체인 수,チェイン数,श्रृंखला गणना,Кількість ланцюжків,Conteggio catene,
ui_buff_upgrade_discount,Upgrade Discount,Giảm Giá Nâng Cấp,Desconto de Upgrade,Yükseltme İndirimi,Upgrade-Rabatt,Remise de mise à niveau,Diskon Peningkatan,Descuento de actualización,Скидка на обновление,업그레이드 할인,アップグレード割引,अपग्रेड छूट,Знижка на оновлення,Sconto per l'upgrade,
ui_buff_ability_discount,Ability Discount ,Giảm Giá Kỹ Năng,Desconto de Habilidade,Yetenek İndirimi,Fähigkeitsrabatt,Réduction de capacité,Diskon Kemampuan,Descuento de habilidad,Скидка на способности,능력 할인,アビリティ割引,क्षमता छूट,Знижка на здібності,Sconto abilità,
ui_buff_damage,Damage,Sát Thương,Dano,Hasar,Schaden,Dégâts,Kerusakan,Daño,Урон,피해,ダメージ,क्षति,Шкода,Danno,
ui_buff_crit_damage,Crit Damage,S.T Chí Mạng,Dano Crítico,Kritik Hasar,Kritischer Schaden,Dégâts critiques,Damage Kritis,Daño crítico,Критический урон,치명타 피해,会心ダメージ,क्रिटिकल डैमेज,Критична шкода,Danno critico,
ui_buff_weakness,Vulnerable Tower,Suy Yếu,Torre Vulnerável,Savunmasız Kule,Verwundbarer Turm,Tour vulnérable,Menara Rentan,Torre vulnerable,Уязвимая башня,취약한 타워,脆弱な塔,असुरक्षित मीनार,Вразлива вежа,Torre vulnerabile,
ui_buff_diamond_cap,Diamond Capacity,Quặng Kim Cương,Capacidade de Diamantes,Elmas Kapasitesi,Diamantenkapazität,Capacité de diamants,Kapasitas Berlian,Capacidad de diamantes,Вместимость алмазов,다이아몬드 용량,ダイヤモンド容量,हीरे की क्षमता,Місткість алмазів,Capacità diamanti,
ui_buff_cash_cap,Cash Pile,Cọc Tiền,Pilha de dinheiro,Para Yığını,Geldstapel,Pile d'argent,Tumpukan Uang,Montón de efectivo,Пачка денег,현금 뭉치,現金の山,नकदी का ढेर,Купа грошей,Mucchio di contanti,
ui_buff_diamond_break,Diamond Break,Phá Quặng K.C,Quebra de diamante,Elmas Kırılışı,Diamantbruch,Rupture de diamant,Pecahan Berlian,Ruptura de diamante,Разрушение алмаза,다이아몬드 브레이크,ダイヤモンド・ブレイク,डायमंड ब्रेक,Руйнування алмазу,Rottura del diamante,
ui_buff_cash_break,Cash Break,Phá Cọc Tiền,Intervalo de Dinheiro,Nakit Molası,Geldpause,Pause Cash,Istirahat Tunai,Pausa de dinero,Денежный перерыв,캐시 브레이크,キャッシュブレイク,कैश ब्रेक,Грошова перерва,Pausa contanti,
ui_buff_x2_diamond,X2 Diamond,Nhân Đôi K.C,X2 Diamante,X2 Elmas,X2 Diamant,X2 Diamant,X2 Berlian,X2 Diamante,X2 Алмаз,X2 다이아몬드,X2 ダイヤモンド,X2 हीरा,X2 Алмаз,X2 Diamante,
ui_buff_x2_cash,X2 Cash,Nhận Đôi Tiền,Dinheiro x2,x2 Nakit,2x Bargeld,Argent x2,Uang x2,Dinero x2,x2 Наличные,현금 2배,現金2倍,2 गुना नकद,x2 Гроші,Soldi x2,
ui_buff_fire_rate_des,Increase Fire Rate by <color=yellow> {0}% </color>,Tăng Tốc Bắn thêm <color=yellow> {0}% </color>,Aumentar a Cadência de Tiro em <color=yellow> {0}% </color>,Atış Hızını %{0} artır,Feuerrate um <color=yellow> {0}% </color> erhöhen,Augmenter la cadence de tir de <color=yellow> {0}% </color>,Tingkatkan Laju Tembakan sebesar <color=yellow> {0}% </color>,Aumentar la cadencia de fuego un <color=yellow> {0}% </color>,Увеличить скорострельность на <color=yellow> {0}% </color>,발사 속도 <color=yellow> {0}% </color> 증가,連射速度を<color=yellow> {0}% </color>向上,फायर रेट को <color=yellow> {0}% </color> बढ़ाएँ,Збільшити скорострільність на <color=yellow> {0}% </color>,Aumenta la cadenza di fuoco del <color=yellow> {0}% </color>,
ui_buff_fire_range_des,Increase Fire Range by <color=yellow> {0}% </color>,Tăng Tầm Bắn thêm <color=yellow> {0}% </color>,Aumentar o Alcance de Fogo em <color=yellow> {0}% </color>,Ateş Menzilini <color=yellow> {0}% </color> artır,Feuerreichweite um <color=yellow> {0}% </color> erhöhen,Augmenter la portée de tir de <color=yellow> {0}% </color>,Tingkatkan Jarak Tembak sebesar <color=yellow> {0}% </color>,Aumentar el alcance de disparo un <color=yellow> {0}% </color>,Увеличить дальность стрельбы на <color=yellow> {0}% </color>,사격 거리 <color=yellow> {0}% </color> 증가,射程を<color=yellow> {0}% </color>増加,फायर रेंज को <color=yellow> {0}% </color> बढ़ाएँ,Збільшити дальність стрільби на <color=yellow> {0}% </color>,Aumenta la gittata di fuoco del <color=yellow> {0}% </color>,
ui_buff_add_soldier_des,You will receive <color=yellow> {0} </color> extra soldiers,Bạn sẽ nhận thêm <color=yellow> {0} </color> lính,Você receberá <color=yellow> {0} </color> soldados extras,<color=yellow> {0} </color> ekstra asker alacaksınız,Sie erhalten <color=yellow> {0} </color> zusätzliche Soldaten,Vous recevrez <color=yellow> {0} </color> soldats supplémentaires,Anda akan menerima <color=yellow> {0} </color> prajurit tambahan,Recibirás <color=yellow> {0} </color> soldados adicionales,Вы получите <color=yellow> {0} </color> дополнительных солдат,<color=yellow> {0} </color>명의 추가 병사를 받게 됩니다,<color=yellow> {0} </color>人の追加兵士を受け取ります,आपको <color=yellow> {0} </color> अतिरिक्त सैनिक मिलेंगे,Ви отримаєте <color=yellow> {0} </color> додаткових солдатів,Riceverai <color=yellow> {0} </color> soldati extra,
ui_buff_crit_rate_des,Increase Crit Rate by <color=yellow> {0}% </color>,Tăng thêm <color=yellow> {0}% </color> tỉ lệ chí mạng.,Aumenta a Taxa Crítica em <color=yellow> {0}% </color>,Kritik Oranını %{0} artırır,Erhöht die Krit-Rate um <color=yellow> {0}% </color>,Augmente le taux de critique de <color=yellow> {0}% </color>,Meningkatkan Crit Rate sebesar <color=yellow> {0}% </color>,Aumenta la Probabilidad de Crítico un <color=yellow> {0}% </color>,Увеличивает шанс крит. удара на <color=yellow> {0}% </color>,치명타 확률 <color=yellow> {0}% </color> 증가,会心率が<color=yellow> {0}% </color>増加,क्रिटिकल रेट को <color=yellow> {0}% </color> बढ़ाएं,Збільшує шанс критичного удару на <color=yellow> {0}% </color>,Aumenta il tasso di critico del <color=yellow> {0}% </color>,
ui_buff_chain_rate_des,Increase Chain Rate by <color=yellow> {0}% </color>,Tăng thêm <color=yellow> {0}% </color> tỉ lệ bắn ra chuỗi.,Aumenta a taxa de combo em <color=yellow> {0}% </color>,Kombo oranını <color=yellow> {0}% </color> artırır,Erhöht die Kettenrate um <color=yellow> {0}% </color>,Augmente le taux de combo de <color=yellow> {0}% </color>,Tingkatkan Tingkat Rantai sebesar <color=yellow> {0}% </color>,Aumenta la tasa de combo un <color=yellow> {0}% </color>,Увеличивает шанс цепочки на <color=yellow> {0}% </color>,체인 확률 <color=yellow> {0}% </color> 증가,チェイン率を<color=yellow> {0}% </color>増加,चेन दर को <color=yellow> {0}% </color> बढ़ाएं,Збільшує частоту ланцюжка на <color=yellow> {0}% </color>,Aumenta il tasso di combo del <color=yellow> {0}% </color>,
ui_buff_chain_count_des,Your Chance Shot will shoot <color=yellow> {0} </color> shots.,Kỹ năng Bắn Chuỗi sẽ bắn ra <color=yellow> {0} </color> phát.,Seu Tiro de Sorte disparará <color=yellow> {0} </color> tiros.,Şans Atışın <color=yellow> {0} </color> atış yapacak.,Dein Glücksschuss feuert <color=yellow> {0} </color> Schüsse ab.,Votre Tir Chanceux tirera <color=yellow> {0} </color> coups.,Tembakan Peluang Anda akan menembakkan <color=yellow> {0} </color> tembakan.,Tu Tiro de Suerte disparará <color=yellow> {0} </color> disparos.,Ваш Шансовый выстрел сделает <color=yellow> {0} </color> выстрелов.,당신의 찬스 샷은 <color=yellow> {0} </color>발의 샷을 쏩니다.,チャンスショットは<color=yellow> {0} </color>回発射されます。,आपका चांस शॉट <color=yellow> {0} </color> शॉट मारेगा।,Ваш Шансовий постріл зробить <color=yellow> {0} </color> пострілів.,Il tuo Tiro Fortunato sparerà <color=yellow> {0} </color> colpi.,
ui_buff_upgrade_discount_des,Reduces Main Menu upgrade costs by <color=yellow> {0}% </color>,Nâng cấp ở màn hình chính giảm <color=yellow> {0}% </color>,Reduz os custos de melhoria do Menu Principal em <color=yellow> {0}% </color>,Ana Menü yükseltme maliyetlerini <color=yellow> {0}% </color> oranında azaltır,Reduziert die Upgrade-Kosten im Hauptmenü um <color=yellow> {0}% </color>,Réduit les coûts d'amélioration du menu principal de <color=yellow> {0}% </color>,Mengurangi biaya peningkatan Menu Utama sebesar <color=yellow> {0}% </color>,Reduce los costes de mejora del menú principal en un <color=yellow> {0}% </color>,Снижает стоимость улучшений в главном меню на <color=yellow> {0}% </color>,주 메뉴 업그레이드 비용이 <color=yellow> {0}% </color> 감소합니다,メインメニューのアップグレードコストを<color=yellow> {0}% </color>削減します,मुख्य मेनू अपग्रेड लागत को <color=yellow> {0}% </color> कम करता है,Знижує вартість покращень у головному меню на <color=yellow> {0}% </color>,Riduce i costi di potenziamento del menu principale del <color=yellow> {0}% </color>,
ui_buff_ability_discount_des,Ingame ability costs reduced by <color=yellow> {0}% </color>,Giá kỹ năng trong trận giảm <color=yellow> {0}% </color>,Custos de habilidades no jogo reduzidos em <color=yellow> {0}% </color>,Oyun içi yetenek maliyetleri %{0} azaldı,In-Game-Fähigkeitskosten um {0} % reduziert,Coûts des capacités en jeu réduits de {0} %,Biaya kemampuan dalam game berkurang sebesar <color=yellow> {0}% </color>,Costos de habilidades en el juego reducidos en un <color=yellow> {0}% </color>,Стоимость внутриигровых способностей снижена на <color=yellow> {0}% </color>,인게임 스킬 비용이 <color=yellow> {0}% </color> 감소했습니다,ゲーム内アビリティのコストが<color=yellow> {0}% </color>減少,इन-गेम क्षमता लागत <color=yellow> {0}% </color> कम हो गई,Вартість внутрішньоігрових здібностей знижено на <color=yellow> {0}% </color>,Costi delle abilità in gioco ridotti del <color=yellow> {0}% </color>,
ui_buff_damage_des,Increase Damage by <color=yellow> {0}% </color>,Sát Thương tăng thêm <color=yellow> {0}% </color>,Aumentar Dano em <color=yellow> {0}% </color>,Hasarı <color=yellow> {0}% </color> artırır,Schaden um <color=yellow> {0}% </color> erhöhen,Augmente les dégâts de <color=yellow> {0}% </color>,Tingkatkan Damage sebesar <color=yellow> {0}% </color>,Aumentar daño un <color=yellow> {0}% </color>,Увеличить урон на <color=yellow> {0}% </color>,피해 <color=yellow> {0}% </color> 증가,ダメージが<color=yellow> {0}% </color>増加,डैमेज को <color=yellow> {0}% </color> बढ़ाएं,Збільшити шкоду на <color=yellow> {0}% </color>,Aumenta i danni del <color=yellow> {0}% </color>,
ui_buff_damage_detail,Increase Damage Percent,Phần Trăm Sát Thương,Aumentar porcentagem de dano,Hasar yüzdesini artır,Schadensprozentsatz erhöhen,Augmenter le pourcentage de dégâts,Tingkatkan persentase kerusakan,Aumentar porcentaje de daño,Увеличить процент урона,피해량 퍼센트 증가,ダメージ率増加,क्षति प्रतिशत बढ़ाएँ,Збільшити відсоток шкоди,Aumenta la percentuale di danno,
ui_buff_crit_damage_des,Critical hits deal <color=yellow> {0}% </color> of base damage.,Đòn chí mạng gây <color=yellow> {0}% </color> sát thương cơ bản,Acertos críticos causam <color=yellow> {0}% </color> do dano base.,Kritik vuruşlar temel hasarın %{0}'ını verir.,Kritische Treffer verursachen <color=yellow> {0}% </color> des Basisschadens.,Les coups critiques infligent <color=yellow> {0}% </color> des dégâts de base.,Serangan kritikal menghasilkan <color=yellow> {0}% </color> damage dasar.,Los golpes críticos infligen un <color=yellow> {0}% </color> del daño base.,Критические удары наносят <color=yellow> {0}% </color> базового урона.,치명타가 기본 피해의 <color=yellow> {0}% </color>를 입힙니다.,会心の一撃は基本ダメージの<color=yellow> {0}% </color>を与えます。,क्रिटिकल हिट्स आधार क्षति का <color=yellow> {0}% </color> पहुंचाते हैं।,Критичні удари завдають <color=yellow> {0}% </color> базової шкоди.,I colpi critici infliggono il <color=yellow> {0}% </color> del danno base.,
ui_buff_crit_damage_detail,Critical Damage Percent,Phần Trăm Sát Thương Chí Mạng,Porcentagem de Dano Crítico,Kritik Hasar Yüzdesi,Kritischer Schadensprozentsatz,Pourcentage de dégâts critiques,Persentase Kerusakan Kritis,Porcentaje de daño crítico,Процент критического урона,치명타 피해 백분율,クリティカルダメージ率,क्रिटिकल डैमेज प्रतिशत,Відсоток критичної шкоди,Percentuale danni critici,
ui_buff_weakness_des,Towers have <color=yellow> {0}% </color> health,Lượng máu của Tháp là <color=yellow> {0}% </color>,Torres têm <color=yellow> {0}% </color> de vida,Kulelerin %{0} canı var,Türme haben <color=yellow> {0}% </color> Gesundheit,Les tours ont <color=yellow> {0}% </color> de vie,Menara memiliki <color=yellow> {0}% </color> kesehatan,Las torres tienen <color=yellow> {0}% </color> de vida,У башен <color=yellow> {0}% </color> здоровья,타워의 체력이 <color=yellow> {0}% </color>입니다,タワーの体力は<color=yellow> {0}% </color>です,टावरों का स्वास्थ्य <color=yellow> {0}% </color> है,Вежі мають <color=yellow> {0}% </color> здоров'я,Le torri hanno il <color=yellow> {0}% </color> di salute,
ui_buff_weakness_detail,Health Percent,Phần trăm máu,Porcentagem de Vida,Sağlık Yüzdesi,Gesundheitsprozentsatz,Pourcentage de santé,Persentase Kesehatan,Porcentaje de salud,Процент здоровья,체력 퍼센트,体力パーセント,स्वास्थ्य प्रतिशत,Відсоток здоров'я,Percentuale salute,
ui_buff_diamond_cap_des,Diamond Spike contain <color=yellow> {0} </color> diamonds,Quặng Kim Cương chứa <color=yellow> {0} </color> kim cương,Diamond Spike contém <color=yellow> {0} </color> diamantes,Diamond Spike <color=yellow> {0} </color> elmas içerir,Diamond Spike enthält <color=yellow> {0} </color> Diamanten,Diamond Spike contient <color=yellow> {0} </color> diamants,Diamond Spike berisi <color=yellow> {0} </color> berlian,Diamond Spike contiene <color=yellow> {0} </color> diamantes,Diamond Spike содержит <color=yellow> {0} </color> алмазов,Diamond Spike에는 <color=yellow> {0} </color>개의 다이아몬드가 들어있습니다,Diamond Spikeには <color=yellow> {0} </color>個のダイヤモンドが入っています,डायमंड स्पाइक में <color=yellow> {0} </color> हीरे शामिल हैं,Diamond Spike містить <color=yellow> {0} </color> діамантів,Diamond Spike contiene <color=yellow> {0} </color> diamanti,
ui_buff_diamond_cap_detail,Diamond Amount,Số Lượng Kim Cương,Quantidade de Diamantes,Elmas Miktarı,Diamantenanzahl,Montant de diamants,Jumlah Berlian,Cantidad de diamantes,Количество алмазов,다이아몬드 양,ダイヤモンドの数,हीरे की राशि,Кількість алмазів,Quantità di diamanti,
ui_buff_cash_cap_des1,Cash Pile contain <color=yellow> {0} </color> cash,Cọc Tiền chứa <color=yellow> {0} </color> tiền.,Pilha de dinheiro contém <color=yellow> {0} </color> em dinheiro,Nakit Yığını <color=yellow> {0} </color> nakit içerir,Geldstapel enthält <color=yellow> {0} </color> Bargeld,La pile de billets contient <color=yellow> {0} </color> d'argent,Tumpukan Uang berisi <color=yellow> {0} </color> uang tunai,El montón de dinero contiene <color=yellow> {0} </color> de efectivo,Стопка денег содержит <color=yellow> {0} </color> наличных,돈 더미에 <color=yellow> {0} </color> 현금이 들어 있습니다,現金の山には <color=yellow> {0} </color> の現金が入っています,नकदी के ढेर में <color=yellow> {0} </color> नकद है,Стопка грошей містить <color=yellow> {0} </color> готівки,Il mucchio di contanti contiene <color=yellow> {0} </color> in contanti,
ui_buff_cash_cap_des2,Cash Amount,Số Lượng Tiền,Valor em dinheiro,Nakit Miktarı,Barbetrag,Montant en espèces,Jumlah Tunai,Cantidad en efectivo,Сумма наличными,현금 액수,現金金額,नकद राशि,Сума готівкою,Importo in contanti,
ui_buff_diamond_break_des,Receive <color=yellow> {0} </color> extra diamonds when destroying Diamond Spike.,Nhận thêm <color=yellow> {0} </color> kim cương khi phá hủy Quặng Kim Cương,Receba <color=yellow> {0} </color> diamantes extras ao destruir o Espinho de Diamante.,Elmas Diken'i yok ederken fazladan <color=yellow> {0} </color> elmas al.,Erhalte <color=yellow> {0} </color> zusätzliche Diamanten beim Zerstören des Diamantstachels.,Recevez <color=yellow> {0} </color> diamants supplémentaires en détruisant la Pointe de Diamant.,Dapatkan <color=yellow> {0} </color> berlian tambahan saat menghancurkan Duri Berlian.,Recibe <color=yellow> {0} </color> diamantes extra al destruir la Púa de Diamante.,Получите <color=yellow> {0} </color> доп. алмазов при уничтожении Алмазного шипа.,다이아몬드 스파이크 파괴 시 다이아몬드 <color=yellow> {0} </color>개를 추가로 획득합니다.,ダイヤモンドスパイクを破壊すると、追加で <color=yellow> {0} </color> 個のダイヤモンドを獲得します。,डायमंड स्पाइक को नष्ट करने पर <color=yellow> {0} </color> अतिरिक्त हीरे प्राप्त करें।,"Отримайте <color=yellow> {0} </color> додаткових алмазів, знищивши Алмазний шип.",Ricevi <color=yellow> {0} </color> diamanti extra quando distruggi la Spina di Diamante.,
ui_buff_cash_break_des,Receive <color=yellow> {0} </color> extra cashes when destroying Cash Pile,Nhận thêm <color=yellow> {0} </color> tiền khi phá hủy Cọc Tiền,Receba <color=yellow> {0} </color> de dinheiro extra ao destruir a Pilha de Dinheiro,Nakit Yığınını yok ederken fazladan <color=yellow> {0} </color> nakit kazan,Erhalte <color=yellow> {0} </color> zusätzliches Bargeld beim Zerstören des Geldstapels,Recevez <color=yellow> {0} </color> d'argent supplémentaire en détruisant la pile d'argent,Dapatkan <color=yellow> {0} </color> uang tambahan saat menghancurkan Tumpukan Uang,Recibe <color=yellow> {0} </color> de dinero extra al destruir el montón de efectivo,Получите <color=yellow> {0} </color> доп. наличности при уничтожении пачки денег,현금 더미를 파괴할 때 추가 현금 <color=yellow> {0} </color>개를 획득합니다,現金の山を破壊した時に追加で <color=yellow> {0} </color> キャッシュを獲得,कैश पाइल को नष्ट करते समय <color=yellow> {0} </color> अतिरिक्त कैश प्राप्त करें,"Отримайте <color=yellow> {0} </color> додаткових грошей, знищуючи пачку готівки",Ricevi <color=yellow> {0} </color> contanti extra distruggendo la pila di contanti,
ui_buff_x2_diamond_des,<color=yellow> {0}% </color> chance to double diamonds received.,Có <color=yellow> {0}% </color> nhân đôi kim cương nhận được,<color=yellow> {0}% </color> de chance de dobrar os diamantes recebidos.,Alınan elmasları ikiye katlamak için <color=yellow> %{0} </color> şans.,<color=yellow> {0}% </color> Chance auf doppelte erhaltene Diamanten.,<color=yellow> {0} % </color> de chances de doubler les diamants reçus.,Peluang <color=yellow> {0}% </color> untuk menggandakan berlian yang diterima.,<color=yellow> {0}% </color> de probabilidad de duplicar los diamantes recibidos.,<color=yellow> {0}% </color> шанс удвоить полученные алмазы.,획득한 다이아몬드가 2배가 될 확률 <color=yellow> {0}% </color>.,獲得したダイヤモンドが2倍になる確率 <color=yellow> {0}% </color>。,प्राप्त हीरों को दोगुना करने का <color=yellow> {0}% </color> अवसर।,<color=yellow> {0}% </color> шанс подвоїти отримані алмази.,<color=yellow> {0}% </color> di probabilità di raddoppiare i diamanti ricevuti.,
ui_buff_x2_cash_des,<color=yellow> {0}% </color> chance to double cash received.,Có <color=yellow> {0}% </color> nhân đôi tiền nhận được,<color=yellow> {0}% </color> de chance de receber o dobro de dinheiro.,<color=yellow> {0}% </color> ihtimalle kazanılan nakit ikiye katlanır.,"<color=yellow> {0}% </color> Chance, das erhaltene Bargeld zu verdoppeln.",<color=yellow> {0}% </color> de chance de doubler l'argent reçu.,<color=yellow> {0}% </color> peluang untuk melipatgandakan uang tunai yang diterima.,<color=yellow> {0}% </color> de probabilidad de duplicar el efectivo recibido.,<color=yellow> {0}% </color> шанс удвоить полученные наличные.,<color=yellow> {0}% </color> 확률로 획득 현금 2배 증가.,<color=yellow> {0}% </color> の確率で獲得キャッシュが2倍になります。,प्राप्त नकद को दोगुना करने का <color=yellow> {0}% </color> मौका।,<color=yellow> {0}% </color> шанс подвоїти отриману готівку.,<color=yellow> {0}% </color> di probabilità di raddoppiare il contante ricevuto.,
ui_buff_x2_des,Double Chance,Tỉ Lệ Nhân Đôi,Chance Dupla,Çifte Şans,Doppelte Chance,Chance double,Peluang Ganda,Doble oportunidad,Двойной шанс,더블 찬스,ダブルチャンス,दोहरा अवसर,Подвійний шанс,Doppia chance,
ui_enhance_title,ENHANCE,TĂNG CƯỜNG,MELHORAR,GELİŞTİR,VERBESSERN,AMÉLIORER,TINGKATKAN,MEJORAR,УЛУЧШИТЬ,향상,強化,बेहतर बनाएं,ПОКРАЩИТИ,MIGLIORARE,
ui_enhance_require,Require:,Yêu Cầu:,Requer:,Gerekli:,Erforderlich:,Requis :,Memerlukan:,Requiere:,Требуется:,필수:,必須:,आवश्यकता:,Потрібно:,Richiede:,
ui_enhace_condition,Unlock at <color=yellow> Chapter {0} Era {1} </color>,Mở khóa tại <color=yellow> Chương {0} Kỷ nguyên {1} </color>,Desbloqueia no <color=yellow> Capítulo {0} Era {1} </color>,<color=yellow> Bölüm {0} Çağ {1} </color> seviyesinde açılır,Freischalten bei <color=yellow> Kapitel {0} Ära {1} </color>,Débloquer au <color=yellow> Chapitre {0} Ère {1} </color>,Buka di <color=yellow> Bab {0} Era {1} </color>,Desbloquear en el <color=yellow> Capítulo {0} Era {1} </color>,Открывается на <color=yellow> Главе {0} Эпохе {1} </color>,<color=yellow> {0}장 {1}시대 </color>에서 잠금 해제,<color=yellow> 第{0}章 第{1}時代 </color>で解放,<color=yellow> अध्याय {0} युग {1} </color> पर अनलॉक करें,Відкривається на <color=yellow> Главі {0} Епохи {1} </color>,Sblocca al <color=yellow> Capitolo {0} Era {1} </color>,
ui_enhace_condition1,Unlock at <color=yellow> Chapter {0} </color>,Mở khóa tại <color=yellow> Chương {0} </color>,Desbloqueie no <color=yellow> Capítulo {0} </color>,<color=yellow> Bölüm {0} </color> ulaşıldığında açılır,Freischalten bei <color=yellow> Kapitel {0} </color>,Débloquer au <color=yellow> Chapitre {0} </color>,Buka di <color=yellow> Bab {0} </color>,Desbloquear en el <color=yellow> Capítulo {0} </color>,Откроется в <color=yellow> главе {0} </color>,<color=yellow> {0}장 </color>에서 잠금 해제,<color=yellow> 第{0}章 </color>で解放,<color=yellow> अध्याय {0} </color> पर अनलॉक करें,Розблокується в <color=yellow> розділі {0} </color>,Sblocca al <color=yellow> Capitolo {0} </color>,
ui_enhace_condition2,Unlock at <color=yellow> Era {0} </color>,Mở khóa ở <color=yellow> Kỷ nguyên {0} </color>,Desbloquear na <color=yellow> Era {0} </color>,<color=yellow> Çağ {0} </color> düzeyinde açılır,Freischalten in <color=yellow> Ära {0} </color>,Débloquer à l'<color=yellow> Ère {0} </color>,Buka di <color=yellow> Era {0} </color>,Desbloquear en <color=yellow> Era {0} </color>,Разблокировать в <color=yellow> эре {0} </color>,<color=yellow> {0} 시대 </color>에서 잠금 해제,<color=yellow>時代 {0}</color>で解放,<color=yellow> युग {0} </color> में अनलॉक करें,Розблокувати в <color=yellow> епосі {0} </color>,Sblocca nell'<color=yellow> Era {0} </color>,
ui_reborn_title,REBORN,TRÙNG SINH,RENASCIDO,YENİDEN DOĞMUŞ,WIEDERGEBOREN,RENÉ,TERLAHIR KEMBALI,RENACIDO,ВОЗРОЖДЕННЫЙ,다시 태어난,生まれ変わった,पुनर्जन्म,ВІДРОДЖЕНИЙ,RINATO,
ui_reborn_noti1,You need play {0} more level to make a Reborn,Bạn cần chơi thêm {0} cấp độ nữa để thực hiện Trùng sinh,Você precisa jogar mais {0} nível para realizar um Renascimento,Yeniden Doğuş yapmak için {0} seviye daha oynamanız gerekiyor,"Du musst noch {0} Level spielen, um eine Wiedergeburt durchzuführen",Vous devez jouer {0} niveau supplémentaire pour effectuer une Renaissance,Anda perlu bermain {0} level lagi untuk melakukan Reborn,Necesitas jugar {0} nivel más para realizar un Renacimiento,"Вам нужно пройти еще {0} уровень, чтобы совершить Перерождение",환생을 하려면 {0} 레벨을 더 플레이해야 합니다,転生するにはあと {0} レベルプレイする必要があります,पुनर्जन्म करने के लिए आपको {0} और स्तर खेलने की आवश्यकता है,"Вам потрібно пройти ще {0} рівень, щоб зробити Переродження",Devi giocare ancora {0} livello per effettuare una Rinascita,
ui_reborn_level,Reborn Level,Cấp Trùng sinh,Nível de Renascimento,Yeniden Doğuş Seviyesi,Wiedergeburt-Level,Niveau de renaissance,Level Reborn,Nivel de renacimiento,Уровень перерождения,환생 레벨,転生レベル,पुनर्जन्म स्तर,Рівень переродження,Livello rinascita,
ui_reborn_tier,Tier {0},Bậc {0},Nível {0},Aşama {0},Stufe {0},Rang {0},Tingkat {0},Nivel {0},Уровень {0},티어 {0},ティア {0},टियर {0},Рівень {0},Livello {0},
ui_reborn_des,You can Reborn once every {0} levels.,Bạn có thể Trùng Sinh một lần sau mỗi {0} màn chơi.,Você pode Renascer uma vez a cada {0} níveis.,Her {0} seviyede bir kez Yeniden Doğuş yapabilirsin.,Du kannst alle {0} Level einmal wiedergeboren werden.,Vous pouvez Renaître une fois tous les {0} niveaux.,Anda dapat Reborn sekali setiap {0} level.,Puedes Renacer una vez cada {0} niveles.,Вы можете переродиться один раз каждые {0} уровней.,{0}레벨마다 한 번씩 환생할 수 있습니다.,{0}レベルごとに1回、転生できます。,आप हर {0} स्तरों पर एक बार पुनर्जन्म (Reborn) ले सकते हैं।,Ви можете переродитися один раз на кожні {0} рівнів.,Puoi Rinascere una volta ogni {0} livelli.,
ui_reborn_lock,Unlocked at Tier {0},Mở khóa ở Bậc {0},Desbloqueado no Nível {0},{0}. Aşamada açılır,Freigeschaltet auf Stufe {0},Débloqué au palier {0},Terbuka di Tingkat {0},Desbloqueado en el nivel {0},Открывается на уровне {0},{0} 티어에서 잠금 해제됨,ティア{0}で解除,टियर {0} पर अनलॉक किया गया,Відкривається на рівні {0},Sbloccato al Grado {0},
ui_reborn_tier_2_des,Tier 2 Bonus: {0}% Crit Damage,Thưởng Bậc 2: {0}% Sát thương chí mạng,Bônus de Tier 2: {0}% de Dano Crítico,2. Seviye Bonusu: %{0} Kritik Hasar,Tier-2-Bonus: {0}% Krit-Schaden,Bonus de palier 2 : {0} % de dégâts critiques,Bonus Tier 2: {0}% Damage Crit,Bonificación de nivel 2: {0}% de daño crítico,Бонус 2-го уровня: {0}% крит. урона,티어 2 보너스: 치명타 피해 {0}%,ティア2ボーナス: 会心ダメージ {0}%,टीयर 2 बोनस: {0}% क्रिटिकल डैमेज,Бонус 2-го рівня: {0}% до крит. шкоди,Bonus Tier 2: {0}% di danno critico,
ui_reborn_tier_3_des,Tier 3 Bonus: {0}% Damage,Thưởng Bậc 3: {0}% Sát Thương,Bônus de Nível 3: {0}% de Dano,3. Aşama Bonusu: %{0} Hasar,Rang 3 Bonus: {0}% Schaden,Bonus de palier 3 : {0} % de dégâts,Bonus Tingkat 3: {0}% Damage,Bonificación de nivel 3: {0}% de daño,Бонус 3-го уровня: {0}% урона,3티어 보너스: {0}% 피해,ティア3ボーナス: {0}%ダメージ,टियर 3 बोनस: {0}% डैमेज,Бонус 3-го рівня: {0}% шкоди,Bonus grado 3: {0}% di danno,
ui_reborn_tier_4_des,Tier 4 Bonus: {0}% Fire Rate,Thưởng Bậc 4: {0}% Tốc Bắn,Bônus de Tier 4: {0}% de Taxa de Disparo,4. Aşama Bonusu: {0}% Atış Hızı,Rang 4 Bonus: {0}% Feuerrate,Bonus de Palier 4 : {0}% de cadence de tir,Bonus Tier 4: {0}% Kecepatan Tembak,Bonificación de nivel 4: {0}% de cadencia de fuego,Бонус 4-го уровня: {0}% к скорострельности,4단계 보너스: {0}% 발사 속도,ティア4ボーナス: {0}% 発射速度,टियर 4 बोनस: {0}% फ़ायर रेट,Бонус 4-го рівня: {0}% до скорострільності,Bonus Grado 4: {0}% Cadenza di fuoco,
ui_reborn_tier_5_des,Tier 5 Bonus:{0}% Crit Chance,Thưởng Bậc 5: {0}% Tỉ lệ chí mạng,Bônus de Nível 5: {0}% de Chance de Crítico,5. Seviye Bonusu: %{0} Kritik Şansı,Stufe-5-Bonus: {0} % Krit-Chance,Bonus de palier 5 : {0} % de chances de coup critique,Bonus Tier 5: {0}% Peluang Kritikal,Bonificación de nivel 5: {0} % de probabilidad de crítico,Бонус 5-го уровня: {0}% к шансу крит. удара,5티어 보너스: {0}% 치명타 확률,ティア5ボーナス: {0}% クリティカル率,टियर 5 बोनस: {0}% क्रिटिकल चांस,Бонус 5-го рівня: {0}% до шансу критичного удару,Bonus Grado 5: {0}% probabilità di critico,
ui_reborn_tier_6_des,Tier 6 Bonus: {0} Cash on start,Thưởng Bậc 6: {0} Tiền khởi đầu,Bônus de Nível 6: {0} de Dinheiro ao começar,6. Aşama Bonusu: Başlangıçta {0} Nakit,Rang-6-Bonus: {0} Cash zu Beginn,Bonus de Palier 6 : {0} d'argent au départ,Bonus Tingkat 6: {0} Uang di awal,Bonificación de nivel 6: {0} de dinero al empezar,Бонус 6-го уровня: {0} наличных на старте,6티어 보너스: 시작 시 {0} 현금,ティア6ボーナス：開始時に {0} の現金,टियर 6 बोनस: शुरुआत में {0} नकद,Бонус 6-го рівня: {0} готівки на старті,Bonus di livello 6: {0} contanti all'inizio,
ui_reborn_require_tier,Require Reborn Tier <color=yellow> {0} </color>,Yêu cầu Trùng Sinh Bậc <color=yellow> {0} </color>,Requer Nível de Renascimento <color=yellow> {0} </color>,Yeniden Doğuş Kademesi <color=yellow> {0} </color> gerekir,Benötigt Wiedergeburt-Rang <color=yellow> {0} </color>,Requiert le Rang de Renaissance <color=yellow> {0} </color>,Membutuhkan Tingkat Reborn <color=yellow> {0} </color>,Requiere Nivel de Renacimiento <color=yellow> {0} </color>,Требуется уровень Перерождения <color=yellow> {0} </color>,환생 티어 <color=yellow> {0} </color> 필요,転生ティア <color=yellow> {0} </color> が必要です,पुनर्जन्म टियर <color=yellow> {0} </color> की आवश्यकता है,Потрібен рівень Переродження <color=yellow> {0} </color>,Richiede il Grado Rinascita <color=yellow> {0} </color>,
ui_reborn_require_level,Require Reborn Lv.<color=yellow> {0} </color>,Yêu Cầu Trùng Sinh Cấp <color=yellow> {0} </color>,Requer Nível de Renascimento <color=yellow> {0} </color>,Reborn Sv. <color=yellow> {0} </color> gerekir,Benötigt Reborn-Stufe <color=yellow> {0} </color>,Requiert Niv. Réincarnation <color=yellow> {0} </color>,Memerlukan Reborn Lv.<color=yellow> {0} </color>,Requiere nivel de renacimiento <color=yellow> {0} </color>,Требуется ур. перерождения <color=yellow> {0} </color>,환생 레벨 <color=yellow> {0} </color> 필요,転生レベル<color=yellow> {0} </color>が必要,पुनर्जन्म स्तर <color=yellow> {0} </color> की आवश्यकता है,Потрібен рівень переродження <color=yellow> {0} </color>,Richiede Liv. Rinascita <color=yellow> {0} </color>,
ui_reborn_popup_confirm,Confirmation,Xác nhận,Confirmação,Onay,Bestätigung,Confirmation,Konfirmasi,Confirmación,Подтверждение,확인,確認,पुष्टि,Підтвердження,Conferma,
ui_reborn_popup_heading1,Reborn will <color=red>RESET</color>:,Trùng Sinh sẽ <color=red>LÀM MỚI</color>:,O Renascimento irá <color=red>REINICIAR</color>:,Yeniden Doğuş <color=red>SIFIRLAYACAK</color>:,Wiedergeburt wird <color=red>ZURÜCKSETZEN</color>:,La Renaissance va <color=red>RÉINITIALISER</color> :,Reborn akan <color=red>MENGATUR ULANG</color>:,El Renacimiento <color=red>REINICIARÁ</color>:,Перерождение <color=red>СБРОСИТ</color>:,환생 시 <color=red>초기화</color>됩니다:,転生は<color=red>リセット</color>されます：,पुनर्जन्म <color=red>रीसेट</color> हो जाएगा:,Переродження <color=red>СКИНЕ</color>:,La Rinascita <color=red>REINIZIERÀ</color>:,
ui_reborn_popup_line1,Tower Zone Progress,Trụ tiền cuối trận,Progresso da Towerzone,Towerzone İlerlemesi,Towerzone-Fortschritt,Progression Towerzone,Kemajuan Towerzone,Progreso de Towerzone,Прогресс Towerzone,타워존 진행 상황,タワーゾーンの進捗,टावरज़ोन प्रगति,Прогрес Towerzone,Progressi Towerzone,
ui_reborn_popup_line2,<sprite name=cash> Your Current Cash,<sprite name=cash> Tiền hiện tại của bạn,<sprite name=cash> Seu dinheiro atual,<sprite name=cash> Mevcut Paranız,<sprite name=cash> Dein aktuelles Bargeld,<sprite name=cash> Votre argent actuel,<sprite name=cash> Tunai Anda Saat Ini,<sprite name=cash> Tu dinero actual,<sprite name=cash> Ваши текущие наличные,<sprite name=cash> 현재 보유 현금,<sprite name=cash> 現在の所持金,<sprite name=cash> आपका वर्तमान नकद,<sprite name=cash> Ваша поточна готівка,<sprite name=cash> Il tuo contante attuale,
ui_reborn_popup_heading2,Reborn will <color=green>NOT RESET</color>:,Trùng sinh sẽ <color=green>KHÔNG LÀM MỚI</color>:,O Renascimento <color=green>NÃO REINICIARÁ</color>:,Yeniden Doğuş <color=green>SIFIRLANMAYACAK</color>:,Wiedergeburt wird <color=green>NICHT ZURÜCKGESETZT</color>:,La Renaissance <color=green>NE RÉINITIALISERA PAS</color> :,Reborn <color=green>TIDAK AKAN DIRESET</color>:,El Renacer <color=green>NO SE REINICIARÁ</color>:,Перерождение <color=green>НЕ СБРОСИТ</color>:,환생은 <color=green>초기화되지 않습니다</color>:,転生は<color=green>リセットされません</color>：,पुनर्जन्म <color=green>रीसेट नहीं होगा</color>:,Переродження <color=green>НЕ СКИНЕ</color>:,La Rinascita <color=green>NON VERRÀ REIMPOSTATA</color>:,
ui_reborn_popup_line3,<sprite name=diamond> CURRENT UPGRADE,<sprite name=diamond> NÂNG CẤP HIỆN TẠI,<sprite name=diamond> MELHORIA ATUAL,<sprite name=diamond> MEVCUT YÜKSELTME,<sprite name=diamond> AKTUELLES UPGRADE,<sprite name=diamond> AMÉLIORATION ACTUELLE,<sprite name=diamond> PENINGKATAN SAAT INI,<sprite name=diamond> MEJORA ACTUAL,<sprite name=diamond> ТЕКУЩЕЕ УЛУЧШЕНИЕ,<sprite name=diamond> 현재 강화,<sprite name=diamond> 現在の強化,<sprite name=diamond> वर्तमान उन्नयन,<sprite name=diamond> ПОТОЧНЕ ПОКРАЩЕННЯ,<sprite name=diamond> MIGLIORAMENTO ATTUALE,
ui_reborn_popup_line4,<sprite name=rebornpoint> Reborn Upgrades,<sprite name=rebornpoint> Các nâng cấp Trùng Sinh,<sprite name=rebornpoint> Melhorias de Renascimento,<sprite name=rebornpoint> Yeniden Doğuş Geliştirmeleri,<sprite name=rebornpoint> Wiedergeburts-Upgrades,<sprite name=rebornpoint> Améliorations de renaissance,<sprite name=rebornpoint> Peningkatan Reborn,<sprite name=rebornpoint> Mejoras de renacimiento,<sprite name=rebornpoint> Улучшения перерождения,<sprite name=rebornpoint> 환생 업그레이드,<sprite name=rebornpoint> 転生アップグレード,<sprite name=rebornpoint> पुनर्जन्म अपग्रेड,<sprite name=rebornpoint> Покращення переродження,<sprite name=rebornpoint> Potenziamenti rinascita,
ui_reborn_popup_line5,Reborn will start over your progress and make you stronger!,Trùng sinh sẽ làm mới tiến trình và giúp bạn mạnh  mẽ hơn,O Renascimento reiniciará seu progresso e deixará você mais forte!,Yeniden doğuş ilerlemeni sıfırlayacak ve seni daha güçlü yapacak!,Die Wiedergeburt setzt deinen Fortschritt zurück und macht dich stärker!,La Renaissance réinitialisera votre progression et vous rendra plus fort !,Reborn akan memulai ulang kemajuan Anda dan membuat Anda lebih kuat!,¡El renacimiento reiniciará tu progreso y te hará más fuerte!,Перерождение сбросит ваш прогресс и сделает вас сильнее!,환생은 진행 상황을 초기화하고 당신을 더 강하게 만들어 줄 것입니다!,転生すると進捗がリセットされ、より強くなります！,पुनर्जन्म आपकी प्रगति को फिर से शुरू कर देगा और आपको और अधिक शक्तिशाली बना देगा!,Переродження скине ваш прогрес і зробить вас сильнішими!,La Rinascita resetterà i tuoi progressi e ti renderà più forte!,
ui_grace_title,GRACE,CHÚC PHÚC,GRAÇA,ZERAFET,ANMUT,GRÂCE,KEANGGUNAN,GRACIA,ГРАЦИЯ,우아함,優雅,अनुग्रह,ГРАЦІЯ,GRAZIA,
ui_grace_time,ADS REFSESH IN:,THỜI GIAN HỒI Q.C:,ANÚNCIOS ATUALIZAM EM:,REKLAMLARIN YENİLENMESİNE:,ANZEIGEN AKTUALISIEREN IN:,ACTUALISATION DES PUBS DANS :,IKLAN DIPERBARUI DALAM:,LOS ANUNCIOS SE ACTUALIZAN EN:,ОБНОВЛЕНИЕ РЕКЛАМЫ ЧЕРЕЗ:,광고 갱신 남은 시간:,広告の更新まで:,विज्ञापन रीफ्रेश होने में:,ОНОВЛЕННЯ РЕКЛАМИ ЧЕРЕЗ:,GLI ANNUNCI SI AGGIORNANO TRA:,
ui_grace_remaining,REMAINING {0} LEVEL,CÒN LẠI {0} TRẬN,RESTAM {0} NÍVEIS,KALAN {0} SEVİYE,NOCH {0} LEVEL,{0} NIVEAUX RESTANTS,SISA {0} LEVEL,QUEDAN {0} NIVELES,ОСТАЛОСЬ {0} УРОВНЕЙ,남은 {0} 레벨,残り {0} レベル,शेष {0} स्तर,ЗАЛИШИЛОСЯ {0} РІВНІВ,{0} LIVELLI RIMANENTI,
ui_grace_active,Active,Kích Hoạt,Ativo,Aktif,Aktiv,Actif,Aktif,Activo,Активно,활성,有効,सक्रिय,Активно,Attivo,
ui_equipmentstat_evolverate,Bonus Evolve,Thêm Tiến hoá,Evolução de Bônus,Bonus Evrim,Bonus-Entwicklung,Évolution Bonus,Evolusi Bonus,Evolución de Bonus,Бонусная эволюция,보너스 진화,ボーナス進化,बोनस विकास,Бонусна еволюція,Evoluzione Bonus,
ui_equipmentstat_diamondincome,Bonus Diamond,Thêm Kim Cương,Diamante Bônus,Bonus Elmas,Bonus-Diamant,Diamant bonus,Berlian Bonus,Diamante de bonificación,Бонусный алмаз,보너스 다이아몬드,ボーナスダイヤモンド,बोनस हीरा,Бонусний алмаз,Diamante bonus,
ui_equipmentstat_cashIncome,Bonus Cash ,Thêm Tiền,Dinheiro bônus,Bonus Nakit,Bonus-Cash,Bonus en espèces,Bonus Tunai,Dinero de bonificación,Бонусные наличные,보너스 캐시,ボーナスキャッシュ,बोनस नकद,Бонусна готівка,Bonus in contanti,
ui_equipmentstat_bonussolider,Bonus Soldier,Thêm Lính,Soldado bônus,Bonus Asker,Bonus-Soldat,Soldat bonus,Prajurit Bonus,Soldado de bonificación,Бонусный солдат,보너스 병사,ボーナス兵士,बोनस सैनिक,Бонусний солдат,Soldato bonus,
ui_equipmentstat_multishotcount,Bonus Chain Shot,Thêm Đạn Chuỗi,Disparo em Cadeia Bônus,Bonus Zincirleme Atış,Bonus-Kettenschuss,Tir en chaîne bonus,Tembakan Berantai Bonus,Disparo en cadena de bonificación,Бонусный цепной выстрел,보너스 체인 샷,ボーナスチェーンショット,बोनस चेन शॉट,Бонусний ланцюговий постріл,Tiro a catena bonus,
ui_loadout_name,Armory,Kho Trang Bị,Arsenal,Cephanelik,Waffenkammer,Armurerie,Gudang Senjata,Armería,Арсенал,무기고,武器庫,शस्त्रागार,Арсенал,Armeria,
ui_loadout_unequipall,Unequip All,Gỡ tất cả,Desequipar tudo,Tümünü Çıkar,Alle ablegen,Tout retirer,Lepas Semua,Desequipar todo,Снять всё,모두 해제,すべて外す,सब उतारें,Зняти все,Rimuovi tutto,
ui_loadout_unequip,Unequip,Gỡ Trang Bị,Desequipar,Çıkar,Ablegen,Déséquiper,Lepas,Desequipar,Снять,장착 해제,装備解除,उतारें,Зняти,Rimuovi,
ui_loadout_merge,Combine,Hợp nhất,Mesclar,Birleştir,Zusammenführen,Fusionner,Gabungkan,Fusionar,Объединить,병합,結合,विलय करें,Об'єднати,Unisci,
ui_loadout_quickmerge,Quick Combine,Hợp nhất nhanh,Mesclagem rápida,Hızlı Birleştir,Schnell zusammenführen,Fusion rapide,Gabung Cepat,Fusión rápida,Быстрое объединение,빠른 병합,クイック結合,त्वरित विलय,Швидке об'єднання,Unione rapida,
ui_loadout_merge_detail,Choose an equipment to combine,Chọn một trang bị để hợp nhất,Escolha um equipamento para fundir,Birleştirmek için bir ekipman seçin,Wähle eine Ausrüstung zum Verschmelzen,Choisissez un équipement à fusionner,Pilih peralatan untuk digabungkan,Elige un equipo para fusionar,Выберите снаряжение для слияния,합성할 장비를 선택하세요,統合する装備を選択してください,मर्ज करने के लिए एक उपकरण चुनें,Виберіть спорядження для злиття,Scegli un equipaggiamento da fondere,
ui_loadout_more,and {0} more,và {0} trang bị khác,,,,,,,,,,,,,
ui_setnotequip,Set Not Equipped,Không có bộ trang bị,Conjunto não equipado,Set Kuşanılmadı,Set nicht ausgerüstet,Ensemble non équipé,Set Tidak Terpasang,Conjunto no equipado,Набор не экипирован,세트 장착되지 않음,セット未装備,सेट सुसज्जित नहीं है,Набір не споряджено,Set non equipaggiato,
ui_loadout_paladinset_name,Paladin Set,Bộ trang bị Hiệp sĩ,Conjunto de Paladino,Paladin Seti,Paladin-Set,Ensemble de paladin,Set Paladin,Conjunto de paladín,Набор паладина,팔라딘 세트,パラディンセット,पालाडिन सेट,Набір паладина,Set del paladino,
ui_loadout_paladinset_des,"Creates a shield that instantly breaks the first block it hits, then disappear","Tạo một lá chắn, phá hủy ngay vật cản đầu tiên mà nó chạm phải, sau đó khiên biến mất",Cria um escudo que quebra instantaneamente o primeiro bloco que atingir e depois desaparece,Çarptığı ilk bloğu anında kıran ve ardından yok olan bir kalkan oluşturur,"Erzeugt einen Schild, der den ersten getroffenen Block sofort zerstört und dann verschwindet","Crée un bouclier qui brise instantanément le premier bloc qu'il touche, puis disparaît","Membuat perisai yang langsung menghancurkan blok pertama yang dikenainya, lalu menghilang",Crea un escudo que rompe instantáneamente el primer bloque que golpea y luego desaparece,"Создает щит, который мгновенно разрушает первый блок, в который попадает, а затем исчезает",부딪히는 첫 번째 블록을 즉시 부수고 사라지는 보호막을 생성합니다.,最初に当たったブロックを即座に破壊し、その後消滅するシールドを生成します,"एक ढाल बनाता है जो टकराने वाले पहले ब्लॉक को तुरंत तोड़ देती है, फिर गायब हो जाती है","Створює щит, який миттєво руйнує перший блок, у який влучає, а потім зникає","Crea uno scudo che rompe istantaneamente il primo blocco che colpisce, poi scompare",
eq_paladin_weapon,Paladin Sword,Kiếm Hiệp Sĩ,Espada de Paladino,Paladin Kılıcı,Paladinschwert,Épée de paladin,Pedang Paladin,Espada de paladín,Меч паладина,팔라딘의 검,パラディンの剣,पैलाडिन तलवार,Меч паладина,Spada del paladino,
eq_paladin_headarmor,Paladin Helmet,Mũ Hiệp Sĩ,Elmo de Paladino,Paladin Miğferi,Paladin-Helm,Casque de paladin,Helm Paladin,Casco de paladín,Шлем паладина,팔라딘 헬멧,パラディンの兜,पालाडिन हेलमेट,Шолом паладина,Elmo del paladino,
eq_paladin_bodyarmor,Paladin Armor,Giáp Hiệp Sĩ,Armadura de Paladino,Paladin Zırhı,Paladin-Rüstung,Armure de paladin,Zirah Paladin,Armadura de paladín,Доспехи паладина,성기사 갑옷,パラディンの鎧,पैलाडिन कवच,Обладунки паладина,Armatura del paladino,
eq_paladin_handarmor,Paladin Gloves,Găng Tay Hiệp Sĩ,Luvas de Paladino,Paladin Eldivenleri,Paladin-Handschuhe,Gants de paladin,Sarung Tangan Paladin,Guantes de paladín,Перчатки паладина,팔라딘 장갑,パラディンの手袋,पैलाडिन दस्ताने,Рукавички паладина,Guanti da paladino,
eq_paladin_boots,Paladin Boots,Giày Hiệp Sĩ,Botas de Paladino,Paladin Çizmeleri,Paladin-Stiefel,Bottes de paladin,Sepatu Paladin,Botas de paladín,Сапоги паладина,팔라딘 부츠,パラディンのブーツ,पैलाडिन जूते,Чоботи паладина,Stivali da paladino,
eq_paladin_accessory,Paladin Ring,Nhẫn Hiệp Sĩ,Anel de Paladino,Paladin Yüzüğü,Paladin-Ring,Anneau de paladin,Cincin Paladin,Anillo de paladín,Кольцо паладина,성기사의 반지,聖騎士の指輪,पैलाडिन रिंग,Кільце паладина,Anello del paladino,
ui_loadout_undeadset_name,Undead Set,Bộ Trang bị Tai Ương,Conjunto Morto-Vivo,Ölümsüz Seti,Untoten-Set,Ensemble Mort-vivant,Set Mayat Hidup,Conjunto de no muerto,Набор нежити,언데드 세트,アンデッドセット,अनडेड सेट,Набір нежиті,Set Non morto,
ui_loadout_undeadset_des,Increase {0} % Fire rate and {1} % Damage per soldier you have,Tăng {0} % Tốc bắn và {1} Sát thương với mỗi lính đồng minh bạn có,Aumenta a cadência de tiro em {0} % e o dano em {1} % por soldado que você possui,Sahip olduğun her asker başına atış hızını %{0} ve hasarı %{1} artırır,"Erhöhe die Feuerrate um {0} % und den Schaden um {1} % pro Soldat, den du besitzt",Augmente la cadence de tir de {0} % et les dégâts de {1} % pour chaque soldat que vous possédez,Tingkatkan {0} % Kecepatan tembak dan {1} % Kerusakan per tentara yang kamu miliki,Aumenta la cadencia de fuego en un {0} % y el daño en un {1} % por cada soldado que tengas,Увеличивает скорострельность на {0} % и урон на {1} % за каждого имеющегося солдата,보유한 병사 1명당 발사 속도 {0} % 및 공격력 {1} % 증가,所持している兵士1人につき、発射速度が {0} %、ダメージが {1} % 増加します,आपके पास मौजूद प्रत्येक सैनिक पर {0} % फायर रेट और {1} % डैमेज बढ़ाएं,Збільшує швидкість стрільби на {0} % та шкоду на {1} % за кожного вашого солдата,Aumenta la cadenza di fuoco del {0} % e il danno del {1} % per ogni soldato in tuo possesso,
eq_undead_weapon,Undead Scythe,Lưỡi Hái Tai Ương,Foice de Morto-Vivo,Hortlak Tırpanı,Untotensense,Faux de mort-vivant,Sabit Mayat Hidup,Guadaña de no muerto,Коса нежити,언데드 낫,アンデッドの大鎌,अनडेड हँसिया,Коса нежиті,Falce del non morto,
eq_undead_headarmor,Undead Helmet,Mũ Tai Ương,Elmo de Morto-vivo,Ölümsüz Miğferi,Untotenhelm,Casque de Mort-vivant,Helm Mayat Hidup,Casco de no muerto,Шлем нежити,언데드 헬멧,アンデッドのヘルメット,अनडेड हेलमेट,Шолом нежиті,Elmo del non morto,
eq_undead_bodyarmor,Undead Armor,Giáp Tai Ương,Armadura Morto-Vivo,Hortlak Zırhı,Untoten-Rüstung,Armure de mort-vivant,Zirah Mayat Hidup,Armadura de No Muerto,Доспехи нежити,언데드 갑옷,アンデッドの鎧,अनडेड कवच,Обладунок нежиті,Armatura del non morto,
eq_undead_handarmor,Undead Gloves,Găng Tay Tai Ương,Luvas de Morto-vivo,Ölümsüz Eldivenleri,Untoten-Handschuhe,Gants de Mort-vivant,Sarung Tangan Mayat Hidup,Guantes de No Muerto,Перчатки нежити,언데드 장갑,アンデッドのグローブ,अनडेड दस्ताने,Рукавички нежиті,Guanti del Non Morto,
eq_undead_boots,Undead Boots,Giày Tai Ương,Botas Morto-Vivo,Hortlak Çizmeleri,Untoten-Stiefel,Bottes de Mort-Vivant,Sepatu Mayat Hidup,Botas de No Muerto,Сапоги Нежити,언데드 부츠,アンデッドブーツ,अनडेड जूते,Чоботи Нежиті,Stivali del Non Morto,
eq_undead_accessory,Undead Ring,Nhẫn Tai Ương,Anel dos Mortos-Vivos,Hortlak Yüzüğü,Ring der Untoten,Anneau des morts-vivants,Cincin Mayat Hidup,Anillo de los no muertos,Кольцо нежити,언데드 반지,不死の指輪,अनडेड रिंग,Кільце нежиті,Anello dei non morti,
ui_loadout_assassinset_name,Assassin Set,Bộ trang bị Sát thủ,Conjunto de Assassino,Suikastçı Seti,Assassinen-Set,Ensemble d'assassin,Set Pembunuh,Conjunto de asesino,Набор ассасина,암살자 세트,アサシンセット,हत्यारा सेट,Набір ассасина,Set dell'assassino,
ui_loadout_assassinset_des,Increase your cash and diamond earn in-game by {0} %,Tăng lượng tiền và kim cương kiếm được trong trận {0} %,Aumente seus ganhos de dinheiro e diamantes no jogo em {0} %,Oyun içi nakit ve elmas kazancınızı % {0} artırın,Erhöhen Sie Ihren Geld- und Diamantenverdienst im Spiel um {0} %,Augmentez vos gains d'argent et de diamants dans le jeu de {0} %,Tingkatkan penghasilan uang dan berlian Anda di dalam game sebesar {0} %,Aumenta tus ganancias de efectivo y diamantes en el juego en un {0} %,Увеличьте свой заработок наличных и алмазов в игре на {0} %,게임 내 현금 및 다이아몬드 획득량을 {0} % 늘리세요,ゲーム内での現金とダイヤモンドの獲得量を {0} % 増やしましょう,इन-गेम में अपनी नकद और हीरा कमाई को {0} % बढ़ाएं,Збільште свій заробіток готівки та діамантів у грі на {0} %,Aumenta i tuoi guadagni di contanti e diamanti nel gioco del {0} %,
eq_assassin_weapon,Assassin Dagger,Dao Găm Sát Thủ,Adaga de assassino,Suikastçı Hançeri,Assassinendolch,Dague d'assassin,Belati Pembunuh,Daga de asesino,Кинжал ассасина,암살자의 단검,アサシンダガー,हत्यारे का खंजर,Кинджал ассасина,Pugnale dell'assassino,
eq_assassin_headarmor,Assassin Helmet,Mũ Sát Thủ,Elmo de Assassino,Suikastçı Miğferi,Assassinenhelm,Casque d'assassin,Helm Pembunuh,Casco de asesino,Шлем ассасина,암살자 헬멧,アサシンヘルム,हत्यारे का हेलमेट,Шолом ассасина,Elmo dell'assassino,
eq_assassin_bodyarmor,Assassin Armor,Giáp Sát Thủ,Armadura de Assassino,Suikastçı Zırhı,Assassinen-Rüstung,Armure d'assassin,Armor Pembunuh,Armadura de asesino,Доспехи ассасина,암살자 갑옷,暗殺者の鎧,हत्यारे का कवच,Обладунки ассасина,Armatura da assassino,
eq_assassin_handarmor,Assassin Gloves,Găng Tay Sát Thủ,Luvas de Assassino,Suikastçı Eldivenleri,Assassinen-Handschuhe,Gants d'assassin,Sarung Tangan Pembunuh,Guantes de asesino,Перчатки ассасина,암살자의 장갑,アサシングローブ,हत्यारे के दस्ताने,Рукавички ассасина,Guanti dell'assassino,
eq_assassin_boots,Assassin Boots,Giày Sát Thủ,Botas de Assassino,Suikastçı Botları,Assassinen-Stiefel,Bottes d'assassin,Sepatu Bot Pembunuh,Botas de asesino,Сапоги убийцы,암살자의 장화,アサシンブーツ,हत्यारे के जूते,Черевики вбивці,Stivali dell'assassino,
eq_assassin_accessory,Assassin Ring,Nhẫn Sát Thủ,Anel do Assassino,Suikastçı Yüzüğü,Assassinenring,Anneau d'assassin,Cincin Pembunuh,Anillo de asesino,Кольцо ассасина,암살자의 반지,暗殺者の指輪,हत्यारे की अंगूठी,Кільце ассасина,Anello dell'assassino,
ui_loadout_vikingset_name,Viking Set,Bộ trang bị Viking,Conjunto Viking,Viking Seti,Wikinger-Set,Ensemble Viking,Set Viking,Set Vikingo,Набор викинга,바이킹 세트,バイキングセット,वाइकिंग सेट,Набір вікінга,Set vichingo,
ui_loadout_vikingset_des,Every {0} Weapon you create add {1} more,"Mỗi {0} Vũ khí bạn tạo ra, thêm {1} Vũ khí",Cada arma {0} que você criar adiciona mais {1},Oluşturduğunuz her {0} Silah {1} tane daha ekler,Jede erstellte {0}-Waffe fügt {1} weitere hinzu,Chaque arme {0} que vous créez en ajoute {1} de plus,Setiap Senjata {0} yang Anda buat menambah {1} lagi,Cada arma {0} que crees añade {1} más,Каждое созданное вами оружие {0} добавляет еще {1},{0} 무기를 제작할 때마다 {1}개가 추가됩니다,{0}武器を作成するたびにさらに{1}追加されます,आपके द्वारा बनाए गए प्रत्येक {0} हथियार में {1} और जोड़ें,Кожна створена вами зброя {0} додає ще {1},Ogni arma {0} che crei ne aggiunge altre {1},
eq_viking_weapon,Viking Axe,Rìu Viking,Machado Viking,Viking Baltası,Wikingeraxt,Hache viking,Kapak Viking,Hacha vikinga,Топор викинга,바이킹 도끼,バイキングの斧,वाइकिंग कुल्हाड़ी,Сокира вікінга,Ascia vichinga,
eq_viking_headarmor,Viking Helmet,Mũ Viking,Elmo viking,Viking miğferi,Wikingerhelm,Casque viking,Helm Viking,Casco vikingo,Шлем викинга,바이킹 투구,バイキングの兜,वाइकिंग हेलमेट,Шолом вікінга,Elmo vichingo,
eq_viking_bodyarmor,Viking Armor,Giáp Viking,Armadura Viking,Viking Zırhı,Wikinger-Rüstung,Armure viking,Zirah Viking,Armadura vikinga,Броня викингов,바이킹 갑옷,バイキングの鎧,वाइकिंग कवच,Броня вікінгів,Armatura vichinga,
eq_viking_handarmor,Viking Gloves,Găng Tay Viking,Luvas Viking,Viking Eldivenleri,Wikinger-Handschuhe,Gants Viking,Sarung Tangan Viking,Guantes Vikingos,Перчатки викинга,바이킹 장갑,バイキングのグローブ,वाइकिंग दस्ताने,Рукавички вікінгів,Guanti vichinghi,
eq_viking_boots,Viking Boots,Giày Viking,Botas Viking,Viking Çizmeleri,Wikingerstiefel,Bottes viking,Sepatu Bot Viking,Botas vikingas,Сапоги викингов,바이킹 부츠,バイキングのブーツ,वाइकिंग जूते,Чоботи вікінгів,Stivali vichinghi,
eq_viking_accessory,Viking Ring,Nhẫn Viking,Anel Viking,Viking Yüzüğü,Wikinger-Ring,Bague viking,Cincin Viking,Anillo vikingo,Кольцо викингов,바이킹 반지,バイキングリング,वाइकिंग रिंग,Кільце вікінгів,Anello vichingo,
ui_loadout_warlockset_name,Warlock Set,Bộ trang bị Pháp sư,Conjunto de Bruxo,Warlock Seti,Hexenmeister-Set,Ensemble de démoniste,Set Warlock,Conjunto de brujo,Комплект чернокнижника,워록 세트,ウォーロックセット,वॉरलोक सेट,Набір чорнокнижника,Set dello stregone,
ui_loadout_warlockset_des,Every {0} Gold you create add {1} more,"Mỗi {0} Vàng bạn kiếm được, thêm {1} Vàng","A cada {0} de Ouro que você criar, adicione mais {1}",Oluşturduğunuz her {0} Altın için {1} tane daha ekleyin,"Jedes Mal, wenn du {0} Gold erzeugst, füge {1} mehr hinzu","Chaque fois que vous créez {0} pièces d'or, ajoutez-en {1} de plus","Setiap {0} Emas yang kamu buat, tambahkan {1} lagi","Por cada {0} de oro que crees, añade {1} más",За каждые созданные вами {0} золота добавьте еще {1},골드를 {0}개 생성할 때마다 {1}개를 추가합니다,ゴールドを{0}生成するごとに、さらに{1}追加します,आपके द्वारा बनाए गए प्रत्येक {0} गोल्ड के लिए {1} और जोड़ें,За кожні створені вами {0} золота додавайте ще {1},Ogni {0} oro creato aggiungine altri {1},
eq_warlock_weapon,Warlock Staff,Gậy Pháp sư,Cajado de Bruxo,Büyücü Asası,Hexer-Stab,Bâton de démoniste,Tongkat Warlock,Bastón de brujo,Посох чернокнижника,흑마법사 지팡이,ウォーロックの杖,वॉरलॉक स्टाफ,Посох чорнокнижника,Bastone dello stregone,
eq_warlock_headarmor,Warlock Helmet,Mũ Pháp Sư,Elmo de Bruxo,Warlock Miğferi,Hexenmeisterhelm,Casque de démoniste,Helm Warlock,Casco de brujo,Шлем чернокнижника,워록 헬멧,ウォーロックの兜,वारलॉक हेलमेट,Шолом чорнокнижника,Elmo dello stregone,
eq_warlock_bodyarmor,Warlock Armor,Giáp Pháp Sư,Armadura de Bruxo,Büyücü Zırhı,Hexenmeister-Rüstung,Armure de démoniste,Armor Warlock,Armadura de brujo,Броня чернокнижника,흑마법사 방어구,ウォーロックの鎧,वारलॉक कवच,Обладунки чорнокнижника,Armatura dello stregone,
eq_warlock_handarmor,Warlock Gloves,Găng Tay Pháp Sư,Luvas de Bruxo,Büyücü Eldivenleri,Hexenmeister-Handschuhe,Gants de Démoniste,Sarung Tangan Warlock,Guantes de Brujo,Перчатки чернокнижника,워록 장갑,ウォーロックのグローブ,वारलॉक दस्ताने,Рукавички чорнокнижника,Guanti da Stregone,
eq_warlock_boots,Warlock Boots,Giày Pháp Sư,Botas de Bruxo,Büyücü Çizmeleri,Hexenmeisterstiefel,Bottes de sorcier,Sepatu Warlock,Botas de brujo,Сапоги чернокнижника,워록 부츠,ウォーロックブーツ,वारलौक जूते,Чоботи чорнокнижника,Stivali da stregone,
eq_warlock_accessory,Warlock Ring,Nhẫn Pháp Sư,Anel de Bruxo,Büyücü Yüzüğü,Hexenmeisterring,Anneau de démoniste,Cincin Warlock,Anillo de brujo,Кольцо чернокнижника,워록의 반지,ウォーロックの指輪,वॉरलॉक अंगूठी,Кільце чорнокнижника,Anello dello stregone,
ui_craft,WEAPON,VŨ KHÍ,ARMA,SİLAH,WAFFE,ARME,SENJATA,ARMA,ОРУЖИЕ,무기,武器,हथियार,ЗБРОЯ,ARMA,
ui_coins,GOLDS,TIỀN XU,OUROS,ALTINLAR,GOLD,ORS,EMAS,OROS,ЗОЛОТО,골드,ゴールド,सोने,ЗОЛОТО,ORI,
ui_mainmenu_economy,ECONOMY,THU NHẬP,ECONOMIA,EKONOMİ,WIRTSCHAFT,ÉCONOMIE,EKONOMI,ECONOMÍA,ЭКОНОМИКА,경제,経済,अर्थव्यवस्था,ЕКОНОМІКА,ECONOMIA,
ui_mainmenu_evolve,COINS,TIỀN XU,MOEDAS,MADENİ PARALAR,MÜNZEN,PIÈCES,KOIN,MONEDAS,МОНЕТЫ,코인,コイン,सिक्के,МОНЕТИ,MONETE,
ui_mainmenu_craft,WEAPON,VŨ KHÍ,ARMA,SİLAH,WAFFE,ARME,SENJATA,ARMA,ОРУЖИЕ,무기,武器,हथियार,ЗБРОЯ,ARMA,
stat_critical,Critical Percent,Phần trăm chí mạng,Porcentagem crítica,Kritik Yüzde,Kritischer Prozentsatz,Pourcentage critique,Persentase Kritis,Porcentaje crítico,Критический процент,임계 백분율,クリティカル率,महत्वपूर्ण प्रतिशत,Критичний відсоток,Percentuale critica,
stat_damage,Damage Percent,Phần trăm sát thương,Porcentagem de Dano,Hasar Yüzdesi,Schadensprozentsatz,Pourcentage de dégâts,Persentase Kerusakan,Porcentaje de daño,Процент урона,피해 백분율,ダメージ率,क्षति प्रतिशत,Відсоток шкоди,Percentuale di danno,
ui_skill_bounce_shot,Bounce Shot,Đạn Nảy,Tiro com rebote,Sektirme Atışı,Abprallschuss,Tir avec rebond,Tembakan Memantul,Tiro con rebote,Выстрел с отскоком,바운스 샷,バウンスショット,बाउंस शॉट,Постріл з відскоком,Tiro di rimbalzo,
ui_skill_double_shot,Double Shot,Đạn Đôi,Dose Dupla,Duble Shot,Doppelschuss,Double shot,Double Shot,Doble shot,Двойной шот,더블 샷,ダブルショット,डबल शॉट,Подвійний шот,Doppio shot,
ui_skill_emp_shot,EMP Shot,Xung Điện Từ,Disparo de PEM,EMP Atışı,EMP-Schuss,Tir IEM,Tembakan EMP,Disparo EMP,Выстрел ЭМИ,EMP 발사,EMPショット,ईएमपी शॉट,Постріл ЕМІ,Colpo EMP,
ui_skill_explosive_shot,Explosive Shot,Đạn Bộc Phá,Tiro Explosivo,Patlayıcı Atış,Explosiver Schuss,Tir explosif,Tembakan Peledak,Disparo explosivo,Взрывной выстрел,폭발 사격,爆発ショット,विस्फोटक शॉट,Вибуховий постріл,Colpo esplosivo,
ui_skill_strong_explosive_shot,Strong Explosive Shot,Siêu Bộc Phá,Tiro Explosivo Forte,Güçlü Patlayıcı Atış,Starker Explosivschuss,Tir explosif puissant,Tembakan Peledak Kuat,Disparo explosivo fuerte,Мощный взрывной выстрел,강력한 폭발 사격,強力な爆発ショット,शक्तिशाली विस्फोटक शॉट,Потужний вибуховий постріл,Colpo esplosivo potente,
ui_skill_frozen_shot,Frozen Shot,Đạn Băng,Tiro Congelante,Dondurucu Atış,Gefrorener Schuss,Tir gelé,Tembakan Beku,Disparo congelado,Замороженный выстрел,냉동 샷,フローズンショット,फ्रोजन शॉट,Заморожений постріл,Colpo congelato,
ui_skill_chain_shot,Chain Shot,Đạn Chuỗi,Tiro de corrente,Zincirli Gülle,Kettenschuss,Tir à la chaîne,Tembakan Rantai,Disparo de cadena,Цепной выстрел,체인 샷,チェーンショット,चेन शॉट,Ланцюговий постріл,Tiro a catena,
ui_skill_chain_shot_rate,Chain Shot Rate,T.Lệ Đạn Chuỗi,Taxa de Tiro em Corrente,Zincirleme Atış Hızı,Kettenfeuer-Rate,Cadence de tir en chaîne,Tingkat Tembakan Berantai,Tasa de disparos en cadena,Скорость цепного выстрела,체인 샷 연사 속도,チェインショット率,चेन शॉट दर,Швидкість ланцюгового пострілу,Cadenza di tiro a catena,
ui_skill_piercing_shot,Piercing Shot,Đạn Xuyên,Tiro Perfurante,Delici Atış,Durchdringender Schuss,Tir perforant,Tembakan Penembus,Disparo perforante,Пронзающий выстрел,관통 사격,貫通射撃,वेधक शॉट,Пронизливий постріл,Tiro perforante,
ui_skill_electric_shot,Electric Shot,Đạn Điện,Tiro Elétrico,Elektrikli Atış,Elektrischer Schuss,Tir électrique,Tembakan Elektrik,Disparo eléctrico,Электрический выстрел,일렉트릭 샷,エレクトリックショット,इलेक्ट्रिक शॉट,Електричний постріл,Colpo elettrico,
ui_skill_thunder_shot,Thunder Shot,Đạn Sấm Sét,Tiro de Trovão,Gök Gürültüsü Atışı,Donnerschuss,Tir de tonnerre,Tembakan Guntur,Disparo de trueno,Громовой выстрел,썬더 샷,サンダーショット,थंडर शॉट,Громовий постріл,Colpo di tuono,Tiro perforante
ui_skill_triple_shot,Triple Shot,Đạn Ba,Tiro triplo,Üçlü Atış,Dreifacher Schuss,Tir triple,Tembakan Tiga Kali,Disparo triple,Тройной выстрел,트리플 샷,トリプルショット,ट्रिपल शॉट,Потрійний постріл,Tiro triplo,Colpo elettrico
ui_beaker_card_title,Evolution Card,Thẻ Tiến Hóa,Carta de Evolução,Evrim Kartı,Evolutionskarte,Carte d'évolution,Kartu Evolusi,Carta de evolución,Карта эволюции,진화 카드,進化カード,विकास कार्ड,Карта еволюції,Carta evoluzione,
ui_receive_on_purchase,Receive On Puchase:,Nhận ngay:,Receba ao comprar:,Satın Alındığında Alın:,Erhalt beim Kauf:,Recevoir lors de l'achat :,Dapatkan Saat Pembelian:,Recibir al comprar:,Получить при покупке:,구매 시 수령:,購入時に受け取る:,खरीदारी पर प्राप्त करें:,Отримати при покупці:,Ricevi all'acquisto:,
ui_breaker_card_des2,Grace Gems <sprite name=gem> Costs:,Giá Kim Cương <sprite name=gem> Chúc Phúc giảm:,Custos de Gemas da Graça <sprite name=gem>:,Grace Mücevheri <sprite name=gem> Maliyetleri:,Kosten für Grace-Edelsteine <sprite name=gem>:,Coûts des gemmes de grâce <sprite name=gem> :,Biaya Permata Grace <sprite name=gem>:,Costes de gemas de gracia <sprite name=gem>:,Стоимость самоцветов благодати <sprite name=gem>:,은총 보석 <sprite name=gem> 비용:,グレイスジェム <sprite name=gem> のコスト:,ग्रेस जेम्स <sprite name=gem> की लागत:,Вартість самоцвітів благодаті <sprite name=gem>:,Costi gemme della grazia <sprite name=gem>:,
ui_breaker_card_des3,"Claim {0} <sprite name=""gem""> Daily","Nhận {0} <sprite name=""gem""> Mỗi ngày","Reivindique {0} <sprite name=""gem""> diariamente","Günlük {0} <sprite name=""gem""> Al","Täglich {0} <sprite name=""gem""> beanspruchen","Récupérez {0} <sprite name=""gem""> chaque jour","Klaim {0} <sprite name=""gem""> Setiap Hari","Reclama {0} <sprite name=""gem""> diariamente","Получайте {0} <sprite name=""gem""> ежедневно","매일 {0} <sprite name=""gem""> 받기","毎日 {0} <sprite name=""gem""> を獲得","प्रतिदिन {0} <sprite name=""gem""> प्राप्त करें","Отримуйте {0} <sprite name=""gem""> щодня","Riscatta {0} <sprite name=""gem""> ogni giorno",
ui_breaker_card_des4,"Claim {0} <sprite name=""energy""> Daily","Nhận {0} <sprite name=""energy""> Mỗi ngày","Resgate {0} <sprite name=""energy""> diariamente","Günlük {0} <sprite name=""energy""> al","Täglich {0} <sprite name=""energy""> beanspruchen","Récupérez {0} <sprite name=""energy""> chaque jour","Klaim {0} <sprite name=""energy""> harian","Reclama {0} <sprite name=""energy""> diariamente","Забирайте {0} <sprite name=""energy""> ежедневно","매일 {0} <sprite name=""energy""> 받기","毎日 {0} <sprite name=""energy""> を受け取る","दैनिक {0} <sprite name=""energy""> प्राप्त करें","Отримуйте {0} <sprite name=""energy""> щодня","Riscatta {0} <sprite name=""energy""> ogni giorno",
ui_card_active_duration,Active for <color=yellow>{0} Days,Kích Hoạt <color=yellow>{0} Ngày,Ativo por <color=yellow>{0} dias,<color=yellow>{0} gün boyunca aktif,Aktiv für <color=yellow>{0} Tage,Actif pendant <color=yellow>{0} jours,Aktif selama <color=yellow>{0} hari,Activo durante <color=yellow>{0} días,Активен в течение <color=yellow>{0} дней,<color=yellow>{0}일 동안 활성,<color=yellow>{0}日間アクティブ,<color=yellow>{0} दिनों के लिए सक्रिय,Активний протягом <color=yellow>{0} днів,Attivo per <color=yellow>{0} giorni,
ui_diamond_card_title,Diamond Card,Thẻ Kim Cương,Cartão de Diamante,Elmas Kart,Diamantkarte,Carte Diamant,Kartu Berlian,Tarjeta Diamante,Алмазная карта,다이아몬드 카드,ダイヤモンドカード,डायमंड कार्ड,Алмазна картка,Carta Diamante,
ui_diamond_card_des1,"Start with {0} <sprite name=""diamond"">  for <color=yellow>Each Era","Nhận {0} <sprite name=""diamond""> ở mỗi <color=yellow>Kỷ Nguyên","Comece com {0} <sprite name=""diamond""> para <color=yellow>Cada Era","Her Çağ için {0} <sprite name=""diamond""> ile <color=yellow>başla","Beginne mit {0} <sprite name=""diamond""> für <color=yellow>Jede Ära","Commencez avec {0} <sprite name=""diamond""> pour <color=yellow>Chaque Ère","Mulai dengan {0} <sprite name=""diamond""> untuk <color=yellow>Setiap Era","Comienza con {0} <sprite name=""diamond""> por <color=yellow>Cada Era","Начните с {0} <sprite name=""diamond""> для <color=yellow>Каждой Эпохи","<color=yellow>시대마다 {0} <sprite name=""diamond""> 로 시작","<color=yellow>各時代 {0} <sprite name=""diamond""> で開始","<color=yellow>प्रत्येक युग के लिए {0} <sprite name=""diamond""> के साथ शुरू करें","Почніть із {0} <sprite name=""diamond""> для <color=yellow>Кожної Епохи","Inizia con {0} <sprite name=""diamond""> per <color=yellow>Ogni Era",
ui_diamond_card_des2,"Earn {0} <sprite name=""diamond"">  for Each <color=yellow>Reborn <sprite name=""prestige"">","Nhận {0} <sprite name=""diamond""> cho mỗi lần <color=yellow>Trùng Sinh <sprite name=""prestige"">","Ganhe {0} <sprite name=""diamond""> para cada <color=yellow>Renascimento <sprite name=""prestige"">","Her <color=yellow>Yeniden Doğuş <sprite name=""prestige""> için {0} <sprite name=""diamond""> kazanın","Verdiene {0} <sprite name=""diamond""> für jede <color=yellow>Wiedergeburt <sprite name=""prestige"">","Gagnez {0} <sprite name=""diamond""> pour chaque <color=yellow>Renaissance <sprite name=""prestige"">","Dapatkan {0} <sprite name=""diamond""> untuk setiap <color=yellow>Reborn <sprite name=""prestige"">","Gana {0} <sprite name=""diamond""> por cada <color=yellow>Renacimiento <sprite name=""prestige"">","Получайте {0} <sprite name=""diamond""> за каждое <color=yellow>Перерождение <sprite name=""prestige"">","<color=yellow>환생 <sprite name=""prestige""> 시마다 {0} <sprite name=""diamond""> 획득","<color=yellow>転生 <sprite name=""prestige""> ごとに {0} <sprite name=""diamond""> を獲得","प्रत्येक <color=yellow>पुनर्जन्म <sprite name=""prestige""> के लिए {0} <sprite name=""diamond""> कमाएं","Отримуйте {0} <sprite name=""diamond""> за кожне <color=yellow>Переродження <sprite name=""prestige"">","Guadagna {0} <sprite name=""diamond""> per ogni <color=yellow>Rinascita <sprite name=""prestige"">",
ui_diamond_card_des3,"Earn {0} <sprite name=""diamond""> at the start of <color=yellow>Each Level","Nhận {0} <sprite name=""diamond""> khi bắt đầu <color=yellow>Mỗi màn chơi","Ganhe {0} <sprite name=""diamond""> no início de <color=yellow>cada nível","<color=yellow>Her Seviye başında {0} <sprite name=""diamond""> kazan","Erhalte {0} <sprite name=""diamond""> zu Beginn <color=yellow>jedes Levels","Gagnez {0} <sprite name=""diamond""> au début de <color=yellow>chaque niveau","Dapatkan {0} <sprite name=""diamond""> di awal <color=yellow>setiap level","Gana {0} <sprite name=""diamond""> al comienzo de <color=yellow>cada nivel","Получайте {0} <sprite name=""diamond""> в начале <color=yellow>каждого уровня","<color=yellow>각 레벨 시작 시 {0} <sprite name=""diamond""> 획득","<color=yellow>各レベルの開始時に {0} <sprite name=""diamond""> を獲得","<color=yellow>प्रत्येक स्तर की शुरुआत में {0} <sprite name=""diamond""> कमाएँ","Отримуйте {0} <sprite name=""diamond""> на початку <color=yellow>кожного рівня","Guadagna {0} <sprite name=""diamond""> all'inizio di <color=yellow>ogni livello",
ui_energy_card,Energy Card,Thẻ Năng Lượng,Carta de Energia,Enerji Kartı,Energiekarte,Carte d'énergie,Kartu Energi,Carta de energía,Карта энергии,에너지 카드,エネルギーカード,ऊर्जा कार्ड,Картка енергії,Carta energia,
ui_energy_card_des2,Energy Capacity:,Sức Chứa:,Capacidade de Energia:,Enerji Kapasitesi:,Energiekapazität:,Capacité énergétique :,Kapasitas Energi:,Capacidad de energía:,Энергоемкость:,에너지 용량:,エネルギー容量:,ऊर्जा क्षमता:,Енергоємність:,Capacità energetica:,
ui_energy_card_des3,Energy Recharge Time:,Thời Gian Hồi:,Tempo de Recarga de Energia:,Enerji Dolum Süresi:,Energieaufladezeit:,Temps de recharge d'énergie :,Waktu Isi Ulang Energi:,Tiempo de recarga de energía:,Время восстановления энергии:,에너지 충전 시간:,エネルギー回復時間：,ऊर्जा पुनर्भरण समय:,Час відновлення енергії:,Tempo di ricarica energia:,
ui_reborn_card_title,Reborn Card,Thẻ Trùng Sinh,Cartão de Renascimento,Yeniden Doğuş Kartı,Wiedergeburt-Karte,Carte de Renaissance,Kartu Reborn,Tarjeta de Renacimiento,Карта возрождения,환생 카드,リボーンカード,पुनर्जन्म कार्ड,Карта відродження,Carta di rinascita,
ui_reborn_card_des1,"Earn <color=green>{0}</color> <sprite name=""rebornpoint""> More on <color=yellow>Each Level","Nhận thêm <color=green>{0}</color> <sprite name=""rebornpoint""> ở mỗi <color=yellow>Màn Chơi</color> ","Ganhe <color=green>{0}</color> <sprite name=""rebornpoint""> mais em <color=yellow>cada nível","<color=green>{0}</color> <sprite name=""rebornpoint""> daha fazla kazan <color=yellow>Her Seviyede","Verdiene <color=green>{0}</color> <sprite name=""rebornpoint""> mehr auf <color=yellow>jedem Level","Gagnez <color=green>{0}</color> <sprite name=""rebornpoint""> de plus à <color=yellow>chaque niveau","Dapatkan <color=green>{0}</color> <sprite name=""rebornpoint""> lebih banyak di <color=yellow>setiap level","Gana <color=green>{0}</color> <sprite name=""rebornpoint""> más en <color=yellow>cada nivel","Получайте на <color=green>{0}</color> <sprite name=""rebornpoint""> больше на <color=yellow>каждом уровне","<color=green>{0}</color> <sprite name=""rebornpoint""> 추가 획득: <color=yellow>각 레벨에서","<color=green>{0}</color> <sprite name=""rebornpoint""> さらに獲得: <color=yellow>各レベルで","<color=green>{0}</color> <sprite name=""rebornpoint""> अधिक प्राप्त करें <color=yellow>प्रत्येक स्तर पर","Отримуйте на <color=green>{0}</color> <sprite name=""rebornpoint""> більше на <color=yellow>кожному рівні","Guadagna <color=green>{0}</color> <sprite name=""rebornpoint""> in più in <color=yellow>ogni livello",
ui_reborn_card_des2,Needed Levels for Reborn:,Số Màn Chơi:,Níveis necessários para o Renascimento:,Reborn için Gerekli Seviyeler:,Erforderliche Stufen für Wiedergeburt:,Niveaux requis pour la Renaissance :,Level yang Dibutuhkan untuk Kelahiran Kembali:,Niveles necesarios para el Renacimiento:,Необходимые уровни для перерождения:,환생을 위해 필요한 레벨:,転生に必要なレベル：,पुनर्जन्म के लिए आवश्यक स्तर:,Необхідні рівні для переродження:,Livelli necessari per la Rinascita:,
ui_reborn_card_des3,"Earn {0} <sprite name=""energy""> after Reborn","Nhận {0} <sprite name=""energy""> sau khi Trùng Sinh","Ganhe {0} <sprite name=""energy""> após o Renascer","Yeniden Doğuş'tan sonra {0} <sprite name=""energy""> kazan","Erhalte {0} <sprite name=""energy""> nach der Wiedergeburt","Gagnez {0} <sprite name=""energy""> après la Renaissance","Dapatkan {0} <sprite name=""energy""> setelah Kelahiran Kembali","Gana {0} <sprite name=""energy""> tras el Renacimiento","Получите {0} <sprite name=""energy""> после перерождения","환생 후 {0} <sprite name=""energy""> 획득","転生後に {0} <sprite name=""energy""> を獲得","पुनर्जन्म के बाद {0} <sprite name=""energy""> प्राप्त करें","Отримайте {0} <sprite name=""energy""> після переродження","Ottieni {0} <sprite name=""energy""> dopo la Rinascita",
ui_reborn_card_des4,"Economy <sprite name=""cash"">","Thu nhập <sprite name=""cash"">","Economia <sprite name=""cash"">","Ekonomi <sprite name=""cash"">","Wirtschaft <sprite name=""cash"">","Économie <sprite name=""cash"">","Ekonomi <sprite name=""cash"">","Economía <sprite name=""cash"">","Экономика <sprite name=""cash"">","경제 <sprite name=""cash"">","経済 <sprite name=""cash"">","अर्थव्यवस्था <sprite name=""cash"">","Економіка <sprite name=""cash"">","Economia <sprite name=""cash"">",
ui_graces_card_title,Grace Card,Thẻ Chúc Phúc,Cartão de Graça,Lütuf Kartı,Gnadenkarte,Carte de grâce,Kartu Anugerah,Tarjeta de gracia,Карта благодати,은혜의 카드,グレースカード,अनुग्रह कार्ड,Карта благодаті,Carta della grazia,
ui_graces_card_des1,Active <color=yellow>EACH</color> Grace <color=green>WITHOUT ADS</color> once a day,Kích hoạt <color=yellow>MỖI</color> Chúc Phúc <color=green>KHÔNG CẦN XEM QUẢNG CÁO</color> một lần mỗi ngày.,Ative <color=yellow>CADA</color> Graça <color=green>SEM ANÚNCIOS</color> uma vez por dia,Günde bir kez <color=yellow>HER</color> Lütfu <color=green>REKLAMSIZ</color> etkinleştir,Aktiviere <color=yellow>JEDE</color> Gnade <color=green>OHNE WERBUNG</color> einmal täglich,Activez <color=yellow>CHAQUE</color> Grâce <color=green>SANS PUBLICITÉ</color> une fois par jour,Aktifkan <color=yellow>SETIAP</color> Berkah <color=green>TANPA IKLAN</color> sekali sehari,Activa <color=yellow>CADA</color> Gracia <color=green>SIN ANUNCIOS</color> una vez al día,Активируйте <color=yellow>КАЖДУЮ</color> Благодать <color=green>БЕЗ РЕКЛАМЫ</color> один раз в день,<color=yellow>각</color> 은총을 하루에 한 번 <color=green>광고 없이</color> 활성화하십시오,<color=yellow>各</color>加護を1日1回<color=green>広告なし</color>で有効化,दिन में एक बार <color=yellow>प्रत्येक</color> अनुग्रह को <color=green>बिना विज्ञापन के</color> सक्रिय करें,Активуйте <color=yellow>КОЖНУ</color> Благодать <color=green>БЕЗ РЕКЛАМИ</color> один раз на день,Attiva <color=yellow>OGNI</color> Grazia <color=green>SENZA ANNUNCI</color> una volta al giorno,
ui_graces_card_des2,Grace XP Fill:,Kinh nghiệm Chúc Phúc:,Preenchimento de XP de Graça:,Lütuf XP Dolumu:,Gnade-EP-Füllung:,Remplissage d'EXP de Grâce :,Pengisian XP Grace:,Llenado de XP de Gracia:,Заполнение опыта Благодати:,축복 XP 채우기:,祝福のXP充填:,ग्रेस XP फिल:,Заповнення досвіду Благодаті:,Riempimento XP Grazia:,
ui_max,MAX,Tối Đa,MÁX,MAKS,MAX,MAX,MAKS,MÁX,МАКС,최대,最大,अधिकतम,МАКС,MAX,
ui_close,Tap to close,Chạm để đóng,Toque para fechar,Kapatmak için dokun,Zum Schließen tippen,Appuyer pour fermer,Ketuk untuk menutup,Toca para cerrar,"Нажмите, чтобы закрыть",탭하여 닫기,タップして閉じる,बंद करने के लिए टैप करें,"Торкніться, щоб закрити",Tocca per chiudere,
ui_notenough_reborn,You don't have enough Reborn Point to upgrade,Bạn không đủ Điểm Trùng Sinh để nâng cấp,Você não tem Pontos de Renascimento suficientes para atualizar,Yükseltmek için yeterli Yeniden Doğuş Puanınız yok,Du hast nicht genügend Wiedergeburtspunkte für das Upgrade,Vous n'avez pas assez de points de renaissance pour l'amélioration,Anda tidak memiliki cukup Poin Reborn untuk meningkatkan,No tienes suficientes Puntos de Renacimiento para mejorar,У вас недостаточно очков перерождения для улучшения,업그레이드에 필요한 환생 포인트가 부족합니다,アップグレードに必要なリボーンポイントが不足しています,आपके पास अपग्रेड करने के लिए पर्याप्त रीबॉर्न पॉइंट नहीं हैं,У вас недостатньо очок переродження для покращення,Non hai abbastanza Punti Rinascita per potenziare,
ui_notenough_diamond,You don't have enough Diamond to Upgrade,Bạn không đủ Kim Cương để nâng cấp,Você não tem Diamantes suficientes para atualizar,Yükseltme yapmak için yeterli Elmasınız yok,Du hast nicht genug Diamanten für das Upgrade,Vous n'avez pas assez de diamants pour l'amélioration,Anda tidak memiliki cukup Berlian untuk Peningkatan,No tienes suficientes diamantes para mejorar,У вас недостаточно алмазов для улучшения,업그레이드에 필요한 다이아몬드가 부족합니다,アップグレードするためのダイヤモンドが不足しています,आपके पास अपग्रेड करने के लिए पर्याप्त हीरा नहीं है,У вас недостатньо алмазів для покращення,Non hai abbastanza diamanti per il potenziamento,
ui_gear_stone,Gear Stone,Đá Nâng cấp,Pedra de engrenagem,Dişli taşı,Zahnradstein,Pierre d'engrenage,Batu roda gigi,Piedra de engranaje,Шестереночный камень,기어 스톤,ギアストーン,गियर पत्थर,Камінь-шестерня,Pietra ingranaggio,
ui_max_upgrade,Max Upgrade,Nâng cấp tối đa,Melhoria Máxima,Maksimum Yükseltme,Maximales Upgrade,Amélioration maximale,Peningkatan Maksimal,Mejora máxima,Максимальное улучшение,최대 업그레이드,最大アップグレード,अधिकतम अपग्रेड,Максимальне покращення,Potenziamento massimo,
ui_refresh_in,REFRESH IN:,LÀM MỚI SAU: ,ATUALIZAR EM:,YENİLEME SÜRESİ:,AKTUALISIERUNG IN:,ACTUALISATION DANS :,MUAT ULANG DALAM:,ACTUALIZAR EN:,ОБНОВЛЕНИЕ ЧЕРЕЗ:,새로고침까지: (thường không viết all caps),更新まで: (không dùng all caps),रीफ्रेश होगा:,ОНОВЛЕННЯ ЧЕРЕЗ:,AGGIORNAMENTO TRA:,
ui_remaining,Items Remaining,Vật phẩm còn lại,Itens restantes,Kalan öğeler,Verbleibende Gegenstände,Objets restants,Item tersisa,Objetos restantes,Оставшиеся предметы,남은 아이템,残りアイテム,शेष आइटम,Залишилося предметів,Oggetti rimanenti,
ui_timeline_complete,COMPLETE!,HOÀN THÀNH,CONCLUÍDO!,TAMAMLANDI!,ABGESCHLOSSEN!,TERMINÉ !,SELESAI!,¡COMPLETADO!,ЗАВЕРШЕНО!,완료!,完了！,पूर्ण!,ЗАВЕРШЕНО!,COMPLETATO!,
ui_upgrade_ratity,Level Max,Cấp tối đa,Nível máximo,Maksimum seviye,Maximales Level,Niveau maximum,Level maksimum,Nivel máximo,Максимальный уровень,최대 레벨,最大レベル,अधिकतम स्तर,Максимальний рівень,Livello massimo,
ui_renew,Renew,Gia hạn,Renovar,Yenile,Erneuern,Renouveler,Perpanjang,Renovar,Продлить,갱신,更新,नवीनीकरण,Оновити,Rinnovare,
ui_challenges_name,Challenges,Thử thách,,,,,,,,,,,,,
ui_challenges_button,Enter,Tiến Vào,,,,,,,,,,,,,
ui_challenges_quickclear,Clear Previous Level,Qua Nhanh Màn Trước,,,,,,,,,,,,,
ui_challenges_mode1_name,,,,,,,,,,,,,,,
ui_challenges_mode1_defeated,Defeated,Thất Bại,,,,,,,,,,,,,
ui_team_title,TEAM,ĐỘI HÌNH,,,,,,,,,,,,,
ui_team_hero_title,Heroes,Anh Hùng,,,,,,,,,,,,,
ui_team_hero_unlocked,,,,,,,,,,,,,,,